-- Custom Recall and Portal Gems Definitions
-- Auto-generated by DbQueryTool

-- ==========================================================================
-- Gem WCID: 86753051
-- ==========================================================================
DELETE FROM `weenie` WHERE `class_Id` = 86753051;

INSERT INTO `weenie` (`class_Id`, `class_Name`, `type`, `last_Modified`) VALUES (86753051, 'frozenvalleyinfiniteportalgem', 38, '2021-11-01 00:00:00');
INSERT INTO `weenie_properties_int` (`object_Id`, `type`, `value`) VALUES (86753051, 1, 2048), (86753051, 5, 10), (86753051, 11, 1), (86753051, 12, 1), (86753051, 13, 10), (86753051, 15, 75), (86753051, 16, 8), (86753051, 18, 1), (86753051, 19, 75), (86753051, 33, 1), (86753051, 93, 3092), (86753051, 94, 16), (86753051, 106, 210), (86753051, 107, 70), (86753051, 108, 70), (86753051, 109, 10), (86753051, 110, 0), (86753051, 114, 1);
INSERT INTO `weenie_properties_bool` (`object_Id`, `type`, `value`) VALUES (86753051, 15, True), (86753051, 63, True);
INSERT INTO `weenie_properties_float` (`object_Id`, `type`, `value`) VALUES (86753051, 76, 0.5);
INSERT INTO `weenie_properties_string` (`object_Id`, `type`, `value`) VALUES (86753051, 1, 'Frozen Valley Everlasting Portal Gem'), (86753051, 14, 'Double Click on this everlasting gobstopper to transport yourself to the Frozen Valley.'), (86753051, 15, 'A gem teeming with portal energy. ');
INSERT INTO `weenie_properties_d_i_d` (`object_Id`, `type`, `value`) VALUES (86753051, 1, 0x02000921), (86753051, 3, 0x20000014), (86753051, 6, 0x04000BEF), (86753051, 8, 0x06007478), (86753051, 22, 0x3400002B), (86753051, 28, 0x00001803);

-- ==========================================================================
-- Gem WCID: 644540104
-- ==========================================================================
DELETE FROM `weenie` WHERE `class_Id` = 644540104;

INSERT INTO `weenie` (`class_Id`, `class_Name`, `type`, `last_Modified`) VALUES (644540104, 'FreeRideGaerlansLibrary', 38, '2024-10-16 10:00:00');
INSERT INTO `weenie_properties_int` (`object_Id`, `type`, `value`) VALUES (644540104, 1, 2048), (644540104, 3, 14), (644540104, 5, 5), (644540104, 8, 5), (644540104, 9, 0), (644540104, 11, 1), (644540104, 12, 1), (644540104, 13, 5), (644540104, 14, 5), (644540104, 15, 200), (644540104, 16, 8), (644540104, 18, 1), (644540104, 19, 200), (644540104, 33, 1), (644540104, 93, 3092), (644540104, 94, 16), (644540104, 106, 210), (644540104, 107, 50), (644540104, 108, 50), (644540104, 109, 50), (644540104, 110, 0), (644540104, 114, 1), (644540104, 150, 103), (644540104, 151, 2);
INSERT INTO `weenie_properties_bool` (`object_Id`, `type`, `value`) VALUES (644540104, 15, True), (644540104, 63, True);
INSERT INTO `weenie_properties_float` (`object_Id`, `type`, `value`) VALUES (644540104, 76, 0.5), (644540104, 167, 30);
INSERT INTO `weenie_properties_string` (`object_Id`, `type`, `value`) VALUES (644540104, 1, 'Gaerlan''s Library Portal Sending Gem'), (644540104, 14, 'Double Click on this portal gem to transport yourself to Gaerlan''s Library.'), (644540104, 15, 'A glowing blue gem.');
INSERT INTO `weenie_properties_d_i_d` (`object_Id`, `type`, `value`) VALUES (644540104, 1, 0x02000921), (644540104, 3, 0x20000014), (644540104, 6, 0x04000BEF), (644540104, 7, 0x1000010B), (644540104, 8, 0x060027C6), (644540104, 22, 0x3400002B), (644540104, 28, 0x00000AEB), (644540104, 36, 0x0E000016);

-- ==========================================================================
-- Gem WCID: 64454045
-- ==========================================================================
DELETE FROM `weenie` WHERE `class_Id` = 64454045;

INSERT INTO `weenie` (`class_Id`, `class_Name`, `type`, `last_Modified`) VALUES (64454045, 'HoshinoTentSendingPortalGem', 38, '2005-02-09 10:00:00');
INSERT INTO `weenie_properties_int` (`object_Id`, `type`, `value`) VALUES (64454045, 1, 2048), (64454045, 3, 77), (64454045, 5, 5), (64454045, 8, 5), (64454045, 9, 0), (64454045, 11, 1), (64454045, 12, 1), (64454045, 13, 5), (64454045, 14, 5), (64454045, 15, 75), (64454045, 16, 8), (64454045, 18, 1), (64454045, 19, 75), (64454045, 33, 1), (64454045, 93, 3092), (64454045, 94, 16), (64454045, 106, 210), (64454045, 107, 70), (64454045, 108, 70), (64454045, 109, 40), (64454045, 110, 0), (64454045, 114, 1), (64454045, 150, 103), (64454045, 151, 2);
INSERT INTO `weenie_properties_bool` (`object_Id`, `type`, `value`) VALUES (64454045, 15, True), (64454045, 63, True);
INSERT INTO `weenie_properties_float` (`object_Id`, `type`, `value`) VALUES (64454045, 76, 0.5), (64454045, 167, 30);
INSERT INTO `weenie_properties_string` (`object_Id`, `type`, `value`) VALUES (64454045, 1, 'Hoshino Tent Sending Gem'), (64454045, 14, 'Double Click on this portal gem to transport yourself to the Hoshino tent.'), (64454045, 15, 'A glowing gem for teleporting.');
INSERT INTO `weenie_properties_d_i_d` (`object_Id`, `type`, `value`) VALUES (64454045, 1, 0x02000921), (64454045, 3, 0x20000014), (64454045, 6, 0x04000BEF), (64454045, 7, 0x1000010B), (64454045, 8, 0x060013C9), (64454045, 22, 0x3400002B);
INSERT INTO `weenie_properties_emote` (`object_Id`, `category`, `probability`, `weenie_Class_Id`, `style`, `substyle`, `quest`, `vendor_Type`, `min_Health`, `max_Health`, `damage_type`) VALUES (64454045, 7, 1, NULL, NULL, NULL, NULL, NULL, NULL, NULL, NULL);
SET @emote_id_158711 = LAST_INSERT_ID();
INSERT INTO `weenie_properties_emote_action` (`emote_Id`, `order`, `type`, `delay`, `extent`, `motion`, `message`, `test_String`, `min`, `max`, `min_64`, `max_64`, `min_Dbl`, `max_Dbl`, `stat`, `display`, `amount`, `amount_64`, `hero_X_P_64`, `percent`, `spell_Id`, `wealth_Rating`, `treasure_Class`, `treasure_Type`, `p_Script`, `sound`, `destination_Type`, `weenie_Class_Id`, `stack_Size`, `palette`, `shade`, `try_To_Bond`, `obj_Cell_Id`, `origin_X`, `origin_Y`, `origin_Z`, `angles_W`, `angles_X`, `angles_Y`, `angles_Z`) VALUES (@emote_id_158711, 0, 99, 0, 1, NULL, NULL, NULL, NULL, NULL, NULL, NULL, NULL, NULL, NULL, NULL, NULL, NULL, NULL, NULL, NULL, NULL, NULL, NULL, NULL, NULL, NULL, NULL, NULL, NULL, NULL, NULL, 0x49E4002B, 139.725, 60.114, 12.005, 0.707107, 0, 0, 0.707107);

-- ==========================================================================
-- Gem WCID: 290444450
-- ==========================================================================
DELETE FROM `weenie` WHERE `class_Id` = 290444450;

INSERT INTO `weenie` (`class_Id`, `class_Name`, `type`, `last_Modified`) VALUES (290444450, 'Free Ride Mhoire Castle', 38, '2005-02-09 10:00:00');
INSERT INTO `weenie_properties_int` (`object_Id`, `type`, `value`) VALUES (290444450, 1, 2048), (290444450, 3, 14), (290444450, 5, 5), (290444450, 8, 5), (290444450, 9, 0), (290444450, 11, 1), (290444450, 12, 1), (290444450, 13, 5), (290444450, 14, 5), (290444450, 15, 100), (290444450, 16, 8), (290444450, 18, 1), (290444450, 19, 100), (290444450, 33, 1), (290444450, 93, 3092), (290444450, 94, 16), (290444450, 106, 210), (290444450, 107, 70), (290444450, 108, 70), (290444450, 109, 40), (290444450, 110, 0), (290444450, 114, 1), (290444450, 150, 103), (290444450, 151, 2);
INSERT INTO `weenie_properties_bool` (`object_Id`, `type`, `value`) VALUES (290444450, 15, True), (290444450, 63, True);
INSERT INTO `weenie_properties_float` (`object_Id`, `type`, `value`) VALUES (290444450, 76, 0.5), (290444450, 167, 30);
INSERT INTO `weenie_properties_string` (`object_Id`, `type`, `value`) VALUES (290444450, 1, 'Mhoire Castle Portal Sending Gem'), (290444450, 14, 'Double Click on this portal gem to transport yourself to Mhoire Castle.'), (290444450, 15, 'A glowing dark gem.');
INSERT INTO `weenie_properties_d_i_d` (`object_Id`, `type`, `value`) VALUES (290444450, 1, 0x02000921), (290444450, 3, 0x20000014), (290444450, 6, 0x04000BEF), (290444450, 7, 0x1000010B), (290444450, 8, 0x0600260F), (290444450, 22, 0x3400002B), (290444450, 28, 0x00001428), (290444450, 36, 0x0E000016);

-- ==========================================================================
-- Gem WCID: 290444449
-- ==========================================================================
DELETE FROM `weenie` WHERE `class_Id` = 290444449;

INSERT INTO `weenie` (`class_Id`, `class_Name`, `type`, `last_Modified`) VALUES (290444449, 'Free Ride Timaru', 38, '2005-02-09 10:00:00');
INSERT INTO `weenie_properties_int` (`object_Id`, `type`, `value`) VALUES (290444449, 1, 2048), (290444449, 3, 14), (290444449, 5, 5), (290444449, 8, 5), (290444449, 9, 0), (290444449, 11, 1), (290444449, 12, 1), (290444449, 13, 5), (290444449, 14, 5), (290444449, 15, 75), (290444449, 16, 8), (290444449, 18, 1), (290444449, 19, 75), (290444449, 33, 1), (290444449, 93, 3092), (290444449, 94, 16), (290444449, 106, 210), (290444449, 107, 70), (290444449, 108, 70), (290444449, 109, 40), (290444449, 110, 0), (290444449, 114, 1), (290444449, 150, 103), (290444449, 151, 2);
INSERT INTO `weenie_properties_bool` (`object_Id`, `type`, `value`) VALUES (290444449, 15, True), (290444449, 63, True);
INSERT INTO `weenie_properties_float` (`object_Id`, `type`, `value`) VALUES (290444449, 76, 0.5), (290444449, 167, 30);
INSERT INTO `weenie_properties_string` (`object_Id`, `type`, `value`) VALUES (290444449, 1, 'Timaru Portal Sending Gem'), (290444449, 14, 'Double Click on this portal gem to transport yourself to Timaru.'), (290444449, 15, 'A glowing silver gem.');
INSERT INTO `weenie_properties_d_i_d` (`object_Id`, `type`, `value`) VALUES (290444449, 1, 0x02000921), (290444449, 3, 0x20000014), (290444449, 6, 0x04000BEF), (290444449, 7, 0x1000010B), (290444449, 8, 0x060013CD), (290444449, 22, 0x3400002B), (290444449, 28, 0x000009AC), (290444449, 36, 0x0E000016);

-- ==========================================================================
-- Gem WCID: 64454046
-- ==========================================================================
DELETE FROM `weenie` WHERE `class_Id` = 64454046;

INSERT INTO `weenie` (`class_Id`, `class_Name`, `type`, `last_Modified`) VALUES (64454046, 'TownNetorkSendingGem', 38, '2005-02-09 10:00:00');
INSERT INTO `weenie_properties_int` (`object_Id`, `type`, `value`) VALUES (64454046, 1, 2048), (64454046, 3, 82), (64454046, 5, 5), (64454046, 8, 5), (64454046, 9, 0), (64454046, 11, 1), (64454046, 12, 1), (64454046, 13, 5), (64454046, 14, 5), (64454046, 15, 150), (64454046, 16, 8), (64454046, 18, 1), (64454046, 19, 150), (64454046, 33, 1), (64454046, 93, 3092), (64454046, 94, 16), (64454046, 106, 210), (64454046, 107, 70), (64454046, 108, 70), (64454046, 109, 40), (64454046, 110, 0), (64454046, 114, 1), (64454046, 150, 103), (64454046, 151, 2);
INSERT INTO `weenie_properties_bool` (`object_Id`, `type`, `value`) VALUES (64454046, 15, True), (64454046, 63, True);
INSERT INTO `weenie_properties_float` (`object_Id`, `type`, `value`) VALUES (64454046, 76, 0.5), (64454046, 167, 30);
INSERT INTO `weenie_properties_string` (`object_Id`, `type`, `value`) VALUES (64454046, 1, 'Town Network Sending Gem'), (64454046, 14, 'Double Click on this portal gem to transport yourself to the Town Network.'), (64454046, 15, 'A glowing gem for teleporting.');
INSERT INTO `weenie_properties_d_i_d` (`object_Id`, `type`, `value`) VALUES (64454046, 1, 0x02000921), (64454046, 3, 0x20000014), (64454046, 6, 0x04000BEF), (64454046, 7, 0x1000010B), (64454046, 8, 0x06001D0B), (64454046, 22, 0x3400002B);
INSERT INTO `weenie_properties_emote` (`object_Id`, `category`, `probability`, `weenie_Class_Id`, `style`, `substyle`, `quest`, `vendor_Type`, `min_Health`, `max_Health`, `damage_type`) VALUES (64454046, 7, 1, NULL, NULL, NULL, NULL, NULL, NULL, NULL, NULL);
SET @emote_id_158712 = LAST_INSERT_ID();
INSERT INTO `weenie_properties_emote_action` (`emote_Id`, `order`, `type`, `delay`, `extent`, `motion`, `message`, `test_String`, `min`, `max`, `min_64`, `max_64`, `min_Dbl`, `max_Dbl`, `stat`, `display`, `amount`, `amount_64`, `hero_X_P_64`, `percent`, `spell_Id`, `wealth_Rating`, `treasure_Class`, `treasure_Type`, `p_Script`, `sound`, `destination_Type`, `weenie_Class_Id`, `stack_Size`, `palette`, `shade`, `try_To_Bond`, `obj_Cell_Id`, `origin_X`, `origin_Y`, `origin_Z`, `angles_W`, `angles_X`, `angles_Y`, `angles_Z`) VALUES (@emote_id_158712, 0, 99, 0, 1, NULL, NULL, NULL, NULL, NULL, NULL, NULL, NULL, NULL, NULL, NULL, NULL, NULL, NULL, NULL, NULL, NULL, NULL, NULL, NULL, NULL, NULL, NULL, NULL, NULL, NULL, NULL, 0x00070145, 70, -80, 0.005, 1, 0, 0, 0);

-- ==========================================================================
-- Gem WCID: 290444451
-- ==========================================================================
DELETE FROM `weenie` WHERE `class_Id` = 290444451;

INSERT INTO `weenie` (`class_Id`, `class_Name`, `type`, `last_Modified`) VALUES (290444451, 'Free Ride Tusker King', 38, '2005-02-09 10:00:00');
INSERT INTO `weenie_properties_int` (`object_Id`, `type`, `value`) VALUES (290444451, 1, 2048), (290444451, 3, 83), (290444451, 5, 5), (290444451, 8, 5), (290444451, 9, 0), (290444451, 11, 1), (290444451, 12, 1), (290444451, 13, 5), (290444451, 14, 5), (290444451, 15, 200), (290444451, 16, 8), (290444451, 18, 1), (290444451, 19, 200), (290444451, 33, 1), (290444451, 93, 3092), (290444451, 94, 16), (290444451, 106, 210), (290444451, 107, 70), (290444451, 108, 70), (290444451, 109, 40), (290444451, 110, 0), (290444451, 114, 1), (290444451, 150, 103), (290444451, 151, 2);
INSERT INTO `weenie_properties_bool` (`object_Id`, `type`, `value`) VALUES (290444451, 15, True), (290444451, 63, True);
INSERT INTO `weenie_properties_float` (`object_Id`, `type`, `value`) VALUES (290444451, 76, 0.5), (290444451, 167, 30);
INSERT INTO `weenie_properties_string` (`object_Id`, `type`, `value`) VALUES (290444451, 1, 'Tusker King Sending Gem'), (290444451, 14, 'Double Click on this portal gem to transport yourself to Mowen, the Tusker King.'), (290444451, 15, 'A glowing yellow gem.');
INSERT INTO `weenie_properties_d_i_d` (`object_Id`, `type`, `value`) VALUES (290444451, 1, 0x02000921), (290444451, 3, 0x20000014), (290444451, 6, 0x04000BEF), (290444451, 7, 0x1000010B), (290444451, 8, 0x06003346), (290444451, 22, 0x3400002B), (290444451, 28, 0x00000B77), (290444451, 36, 0x0E000016);

-- ==========================================================================
-- Gem WCID: 86753080
-- ==========================================================================
DELETE FROM `weenie` WHERE `class_Id` = 86753080;

INSERT INTO `weenie` (`class_Id`, `class_Name`, `type`, `last_Modified`) VALUES (86753080, 'lifestonesendinggem', 38, '2024-08-22 00:00:00');
INSERT INTO `weenie_properties_int` (`object_Id`, `type`, `value`) VALUES (86753080, 1, 2048), (86753080, 5, 10), (86753080, 11, 25), (86753080, 12, 1), (86753080, 13, 10), (86753080, 15, 75), (86753080, 16, 8), (86753080, 18, 1), (86753080, 19, 75), (86753080, 33, 0), (86753080, 93, 3092), (86753080, 94, 16), (86753080, 106, 210), (86753080, 107, 70), (86753080, 108, 70), (86753080, 109, 10), (86753080, 110, 0), (86753080, 114, 0);
INSERT INTO `weenie_properties_bool` (`object_Id`, `type`, `value`) VALUES (86753080, 15, True), (86753080, 63, True);
INSERT INTO `weenie_properties_float` (`object_Id`, `type`, `value`) VALUES (86753080, 76, 0.5);
INSERT INTO `weenie_properties_string` (`object_Id`, `type`, `value`) VALUES (86753080, 1, 'Lifestone Sending Gem'), (86753080, 14, 'Double Click on this everlasting gobstopper to cast lifestone sending.'), (86753080, 15, 'A gem teeming with portal energy. ');
INSERT INTO `weenie_properties_d_i_d` (`object_Id`, `type`, `value`) VALUES (86753080, 1, 0x02000921), (86753080, 3, 0x20000014), (86753080, 6, 0x04000BEF), (86753080, 8, 0x06002D29), (86753080, 22, 0x3400002B), (86753080, 28, 0x00000664);

-- ==========================================================================
-- Gem WCID: 694200120
-- ==========================================================================
DELETE FROM `weenie` WHERE `class_Id` = 694200120;

INSERT INTO `weenie` (`class_Id`, `class_Name`, `type`, `last_Modified`) VALUES (694200120, 'InfiniteVRgem', 38, '2021-11-01 00:00:00');
INSERT INTO `weenie_properties_int` (`object_Id`, `type`, `value`) VALUES (694200120, 1, 2048), (694200120, 5, 5), (694200120, 11, 25), (694200120, 12, 1), (694200120, 13, 5), (694200120, 15, 150), (694200120, 16, 8), (694200120, 18, 1), (694200120, 19, 150), (694200120, 33, 0), (694200120, 93, 3092), (694200120, 94, 16), (694200120, 106, 210), (694200120, 107, 70), (694200120, 108, 70), (694200120, 109, 40), (694200120, 114, 0), (694200120, 151, 2);
INSERT INTO `weenie_properties_bool` (`object_Id`, `type`, `value`) VALUES (694200120, 63, True), (694200120, 69, False);
INSERT INTO `weenie_properties_float` (`object_Id`, `type`, `value`) VALUES (694200120, 76, 0.5);
INSERT INTO `weenie_properties_string` (`object_Id`, `type`, `value`) VALUES (694200120, 1, 'Infinite Viridian Rise Deru Portal Sending Gem'), (694200120, 14, 'Double Click on this portal gem to transport yourself to the Deru tree in the Viridian Rise.'), (694200120, 15, 'A glowing green gem.');
INSERT INTO `weenie_properties_d_i_d` (`object_Id`, `type`, `value`) VALUES (694200120, 1, 0x02000921), (694200120, 3, 0x20000014), (694200120, 6, 0x04000BEF), (694200120, 8, 0x06007571), (694200120, 22, 0x3400002B), (694200120, 28, 0x000018B2);

-- ==========================================================================
-- Gem WCID: 53450
-- ==========================================================================
DELETE FROM `weenie` WHERE `class_Id` = 53450;

INSERT INTO `weenie` (`class_Id`, `class_Name`, `type`, `last_Modified`) VALUES (53450, 'ace53450-viridianrisederuportalsendinggem', 38, '2021-11-01 00:00:00');
INSERT INTO `weenie_properties_int` (`object_Id`, `type`, `value`) VALUES (53450, 1, 2048), (53450, 5, 5), (53450, 11, 25), (53450, 12, 1), (53450, 13, 5), (53450, 15, 0), (53450, 16, 8), (53450, 18, 1), (53450, 19, 0), (53450, 33, 0), (53450, 93, 3092), (53450, 94, 16), (53450, 106, 210), (53450, 107, 70), (53450, 108, 70), (53450, 109, 40), (53450, 114, 0), (53450, 151, 2);
INSERT INTO `weenie_properties_float` (`object_Id`, `type`, `value`) VALUES (53450, 76, 0.5);
INSERT INTO `weenie_properties_string` (`object_Id`, `type`, `value`) VALUES (53450, 1, 'Viridian Rise Deru Portal Sending Gem'), (53450, 14, 'Double Click on this portal gem to transport yourself to the Deru tree in the Viridian Rise.'), (53450, 15, 'A glowing green gem.');
INSERT INTO `weenie_properties_d_i_d` (`object_Id`, `type`, `value`) VALUES (53450, 1, 0x02000921), (53450, 3, 0x20000014), (53450, 6, 0x04000BEF), (53450, 8, 0x06007571), (53450, 22, 0x3400002B), (53450, 28, 0x000018B2);

-- ==========================================================================
-- Gem WCID: 2005053
-- ==========================================================================
DELETE FROM `weenie` WHERE `class_Id` = 2005053;

INSERT INTO `weenie` (`class_Id`, `class_Name`, `type`, `last_Modified`) VALUES (2005053, 'ace2005053-townnetworkportalgem', 38, '2021-11-17 16:56:08');
INSERT INTO `weenie_properties_int` (`object_Id`, `type`, `value`) VALUES (2005053, 1, 2048), (2005053, 5, 1), (2005053, 11, 1), (2005053, 12, 1), (2005053, 13, 1), (2005053, 15, 10), (2005053, 16, 8), (2005053, 18, 1), (2005053, 19, 10), (2005053, 93, 3092), (2005053, 94, 16), (2005053, 106, 210), (2005053, 107, 50), (2005053, 108, 50), (2005053, 280, 1000);
INSERT INTO `weenie_properties_bool` (`object_Id`, `type`, `value`) VALUES (2005053, 11, True), (2005053, 13, True), (2005053, 14, True), (2005053, 15, True), (2005053, 19, True), (2005053, 63, True);
INSERT INTO `weenie_properties_float` (`object_Id`, `type`, `value`) VALUES (2005053, 167, 15);
INSERT INTO `weenie_properties_string` (`object_Id`, `type`, `value`) VALUES (2005053, 1, 'Infinite Town Network Portal Gem'), (2005053, 16, 'Use this gem to summon a short-lived portal to the Town Network. This portal summoning gem works best if used outside in a relatively flat area.');
INSERT INTO `weenie_properties_d_i_d` (`object_Id`, `type`, `value`) VALUES (2005053, 1, 0x02000921), (2005053, 3, 0x20000014), (2005053, 6, 0x04000BEF), (2005053, 8, 0x06002D2A), (2005053, 22, 0x3400002B), (2005053, 28, 0x0000009D), (2005053, 31, 0x0000A764);

-- ==========================================================================
-- Gem WCID: 290500127
-- ==========================================================================
DELETE FROM `weenie` WHERE `class_Id` = 290500127;

INSERT INTO `weenie` (`class_Id`, `class_Name`, `type`, `last_Modified`) VALUES (290500127, 'ace290500127-Darkislandportalgem', 38, '2022-12-28 05:57:21');
INSERT INTO `weenie_properties_int` (`object_Id`, `type`, `value`) VALUES (290500127, 1, 2048), (290500127, 3, 82), (290500127, 5, 10), (290500127, 8, 10), (290500127, 11, 25), (290500127, 12, 1), (290500127, 13, 10), (290500127, 14, 10), (290500127, 15, 5000), (290500127, 16, 8), (290500127, 18, 1), (290500127, 19, 400), (290500127, 93, 3092), (290500127, 94, 16), (290500127, 106, 210), (290500127, 107, 50), (290500127, 108, 50), (290500127, 150, 103), (290500127, 151, 2), (290500127, 280, 1000);
INSERT INTO `weenie_properties_bool` (`object_Id`, `type`, `value`) VALUES (290500127, 1, False), (290500127, 11, True), (290500127, 13, True), (290500127, 14, True), (290500127, 15, True), (290500127, 19, True), (290500127, 63, True);
INSERT INTO `weenie_properties_float` (`object_Id`, `type`, `value`) VALUES (290500127, 167, 10);
INSERT INTO `weenie_properties_string` (`object_Id`, `type`, `value`) VALUES (290500127, 1, 'Unlimited Dark Island Portal Gem'), (290500127, 16, 'Use this gem to summon a short-lived portal to Dark Island. This gem works best if used outside in a relatively flat area. This gem is unlimited, so like, use it all you want. Weirdo');
INSERT INTO `weenie_properties_d_i_d` (`object_Id`, `type`, `value`) VALUES (290500127, 1, 0x02000921), (290500127, 3, 0x20000014), (290500127, 6, 0x04000BEF), (290500127, 7, 0x1000010B), (290500127, 8, 0x06002D29), (290500127, 22, 0x3400002B), (290500127, 28, 0x0000009D), (290500127, 31, 0x00008309), (290500127, 50, 0x06002683), (290500127, 52, 0x06001F65);

-- ==========================================================================
-- Gem WCID: 290500126
-- ==========================================================================
DELETE FROM `weenie` WHERE `class_Id` = 290500126;

INSERT INTO `weenie` (`class_Id`, `class_Name`, `type`, `last_Modified`) VALUES (290500126, 'ace290500126-vissidalislandportalgem', 38, '2022-12-28 05:57:21');
INSERT INTO `weenie_properties_int` (`object_Id`, `type`, `value`) VALUES (290500126, 1, 2048), (290500126, 3, 82), (290500126, 5, 10), (290500126, 8, 10), (290500126, 11, 25), (290500126, 12, 1), (290500126, 13, 10), (290500126, 14, 10), (290500126, 15, 5000), (290500126, 16, 8), (290500126, 18, 1), (290500126, 19, 400), (290500126, 93, 3092), (290500126, 94, 16), (290500126, 106, 210), (290500126, 107, 50), (290500126, 108, 50), (290500126, 150, 103), (290500126, 151, 2), (290500126, 280, 1000);
INSERT INTO `weenie_properties_bool` (`object_Id`, `type`, `value`) VALUES (290500126, 1, False), (290500126, 11, True), (290500126, 13, True), (290500126, 14, True), (290500126, 15, True), (290500126, 19, True), (290500126, 63, True);
INSERT INTO `weenie_properties_float` (`object_Id`, `type`, `value`) VALUES (290500126, 167, 10);
INSERT INTO `weenie_properties_string` (`object_Id`, `type`, `value`) VALUES (290500126, 1, 'Unlimited Vissidal Island Portal Gem'), (290500126, 16, 'Use this gem to summon a short-lived portal to Vissidal Island. This gem works best if used outside in a relatively flat area. This gem however is unlimited, so like, use it all you want. Weirdo');
INSERT INTO `weenie_properties_d_i_d` (`object_Id`, `type`, `value`) VALUES (290500126, 1, 0x02000921), (290500126, 3, 0x20000014), (290500126, 6, 0x04000BEF), (290500126, 7, 0x1000010B), (290500126, 8, 0x06002D29), (290500126, 22, 0x3400002B), (290500126, 28, 0x0000009D), (290500126, 31, 0x00007D3A), (290500126, 50, 0x0600266E), (290500126, 52, 0x06001F65);

-- ==========================================================================
-- Gem WCID: 227190017
-- ==========================================================================
DELETE FROM `weenie` WHERE `class_Id` = 227190017;

INSERT INTO `weenie` (`class_Id`, `class_Name`, `type`, `last_Modified`) VALUES (227190017, '227190017EventPortalGem', 38, '2025-01-03 09:00:24');
INSERT INTO `weenie_properties_int` (`object_Id`, `type`, `value`) VALUES (227190017, 1, 2048), (227190017, 3, 39), (227190017, 5, 10), (227190017, 8, 10), (227190017, 9, 0), (227190017, 11, 1), (227190017, 12, 1), (227190017, 13, 10), (227190017, 14, 10), (227190017, 15, 50), (227190017, 16, 8), (227190017, 18, 1), (227190017, 19, 50), (227190017, 33, 1), (227190017, 93, 3092), (227190017, 94, 16), (227190017, 106, 210), (227190017, 107, 50), (227190017, 108, 50), (227190017, 114, 1), (227190017, 150, 103), (227190017, 151, 2);
INSERT INTO `weenie_properties_bool` (`object_Id`, `type`, `value`) VALUES (227190017, 15, True), (227190017, 63, True);
INSERT INTO `weenie_properties_string` (`object_Id`, `type`, `value`) VALUES (227190017, 1, 'Restored Portal Gem'), (227190017, 16, 'Use this gem to be teleported to the site of the final vessel.');
INSERT INTO `weenie_properties_d_i_d` (`object_Id`, `type`, `value`) VALUES (227190017, 1, 0x02000921), (227190017, 3, 0x20000014), (227190017, 6, 0x04000BEF), (227190017, 7, 0x1000010B), (227190017, 8, 0x0600260F), (227190017, 22, 0x3400002B);
INSERT INTO `weenie_properties_emote` (`object_Id`, `category`, `probability`, `weenie_Class_Id`, `style`, `substyle`, `quest`, `vendor_Type`, `min_Health`, `max_Health`, `damage_type`) VALUES (227190017, 7, 1, NULL, NULL, NULL, NULL, NULL, NULL, NULL, NULL);
SET @emote_id_150211 = LAST_INSERT_ID();
INSERT INTO `weenie_properties_emote_action` (`emote_Id`, `order`, `type`, `delay`, `extent`, `motion`, `message`, `test_String`, `min`, `max`, `min_64`, `max_64`, `min_Dbl`, `max_Dbl`, `stat`, `display`, `amount`, `amount_64`, `hero_X_P_64`, `percent`, `spell_Id`, `wealth_Rating`, `treasure_Class`, `treasure_Type`, `p_Script`, `sound`, `destination_Type`, `weenie_Class_Id`, `stack_Size`, `palette`, `shade`, `try_To_Bond`, `obj_Cell_Id`, `origin_X`, `origin_Y`, `origin_Z`, `angles_W`, `angles_X`, `angles_Y`, `angles_Z`) VALUES (@emote_id_150211, 0, 99, 0, 1, NULL, NULL, NULL, NULL, NULL, NULL, NULL, NULL, NULL, NULL, NULL, NULL, NULL, NULL, NULL, NULL, NULL, NULL, NULL, NULL, NULL, NULL, NULL, NULL, NULL, NULL, NULL, 0x2346001B, 72.7486, 62.7245, 0.005, 0.999697, 0, 0, -0.024631);

-- ==========================================================================
-- Gem WCID: 694200501
-- ==========================================================================
DELETE FROM `weenie` WHERE `class_Id` = 694200501;

INSERT INTO `weenie` (`class_Id`, `class_Name`, `type`, `last_Modified`) VALUES (694200501, 'Pet Shop Quest Portal gem', 38, '2021-11-01 00:00:00');
INSERT INTO `weenie_properties_int` (`object_Id`, `type`, `value`) VALUES (694200501, 1, 2048), (694200501, 3, 83), (694200501, 5, 10), (694200501, 8, 10), (694200501, 11, 1), (694200501, 12, 1), (694200501, 16, 8), (694200501, 18, 1), (694200501, 19, 0), (694200501, 33, 1), (694200501, 93, 1044), (694200501, 94, 16), (694200501, 106, 210), (694200501, 107, 70), (694200501, 108, 70), (694200501, 109, 10), (694200501, 114, 1), (694200501, 267, 10800), (694200501, 280, 221);
INSERT INTO `weenie_properties_bool` (`object_Id`, `type`, `value`) VALUES (694200501, 22, True), (694200501, 63, True);
INSERT INTO `weenie_properties_float` (`object_Id`, `type`, `value`) VALUES (694200501, 76, 0.5), (694200501, 167, 30);
INSERT INTO `weenie_properties_string` (`object_Id`, `type`, `value`) VALUES (694200501, 1, 'Pet Shop Quest Portal gem'), (694200501, 14, 'Double Click on this portal gem to transport yourself to the Pet Shop quest area.');
INSERT INTO `weenie_properties_d_i_d` (`object_Id`, `type`, `value`) VALUES (694200501, 1, 0x02000921), (694200501, 3, 0x20000014), (694200501, 6, 0x04000BEF), (694200501, 8, 0x0600260F), (694200501, 22, 0x3400002B), (694200501, 27, 0x10000057);
INSERT INTO `weenie_properties_emote` (`object_Id`, `category`, `probability`, `weenie_Class_Id`, `style`, `substyle`, `quest`, `vendor_Type`, `min_Health`, `max_Health`, `damage_type`) VALUES (694200501, 7, 1, NULL, NULL, NULL, NULL, NULL, NULL, NULL, NULL);
SET @emote_id_195309 = LAST_INSERT_ID();
INSERT INTO `weenie_properties_emote_action` (`emote_Id`, `order`, `type`, `delay`, `extent`, `motion`, `message`, `test_String`, `min`, `max`, `min_64`, `max_64`, `min_Dbl`, `max_Dbl`, `stat`, `display`, `amount`, `amount_64`, `hero_X_P_64`, `percent`, `spell_Id`, `wealth_Rating`, `treasure_Class`, `treasure_Type`, `p_Script`, `sound`, `destination_Type`, `weenie_Class_Id`, `stack_Size`, `palette`, `shade`, `try_To_Bond`, `obj_Cell_Id`, `origin_X`, `origin_Y`, `origin_Z`, `angles_W`, `angles_X`, `angles_Y`, `angles_Z`) VALUES (@emote_id_195309, 0, 99, 0, 1, NULL, NULL, NULL, NULL, NULL, NULL, NULL, NULL, NULL, 2, NULL, NULL, NULL, NULL, NULL, NULL, NULL, NULL, NULL, NULL, NULL, NULL, NULL, NULL, NULL, NULL, NULL, 0x0010033A, 50.1193, -245.213, 0.005, 0.003455, 0, 0, -0.999994);

-- ==========================================================================
-- Gem WCID: 694200509
-- ==========================================================================
DELETE FROM `weenie` WHERE `class_Id` = 694200509;

INSERT INTO `weenie` (`class_Id`, `class_Name`, `type`, `last_Modified`) VALUES (694200509, 'Burun History Quest Portal gem', 38, '2021-11-01 00:00:00');
INSERT INTO `weenie_properties_int` (`object_Id`, `type`, `value`) VALUES (694200509, 1, 2048), (694200509, 3, 83), (694200509, 5, 10), (694200509, 8, 10), (694200509, 11, 1), (694200509, 12, 1), (694200509, 16, 8), (694200509, 18, 1), (694200509, 19, 0), (694200509, 33, 1), (694200509, 93, 1044), (694200509, 94, 16), (694200509, 106, 210), (694200509, 107, 70), (694200509, 108, 70), (694200509, 109, 10), (694200509, 114, 1), (694200509, 267, 10800), (694200509, 280, 221);
INSERT INTO `weenie_properties_bool` (`object_Id`, `type`, `value`) VALUES (694200509, 22, True), (694200509, 63, True);
INSERT INTO `weenie_properties_float` (`object_Id`, `type`, `value`) VALUES (694200509, 76, 0.5), (694200509, 167, 30);
INSERT INTO `weenie_properties_string` (`object_Id`, `type`, `value`) VALUES (694200509, 1, 'Burun History Quest Portal gem'), (694200509, 14, 'Double Click on this portal gem to transport yourself to the Burun History quest area.');
INSERT INTO `weenie_properties_d_i_d` (`object_Id`, `type`, `value`) VALUES (694200509, 1, 0x02000921), (694200509, 3, 0x20000014), (694200509, 6, 0x04000BEF), (694200509, 8, 0x0600260F), (694200509, 22, 0x3400002B), (694200509, 27, 0x10000057);
INSERT INTO `weenie_properties_emote` (`object_Id`, `category`, `probability`, `weenie_Class_Id`, `style`, `substyle`, `quest`, `vendor_Type`, `min_Health`, `max_Health`, `damage_type`) VALUES (694200509, 7, 1, NULL, NULL, NULL, NULL, NULL, NULL, NULL, NULL);
SET @emote_id_197102 = LAST_INSERT_ID();
INSERT INTO `weenie_properties_emote_action` (`emote_Id`, `order`, `type`, `delay`, `extent`, `motion`, `message`, `test_String`, `min`, `max`, `min_64`, `max_64`, `min_Dbl`, `max_Dbl`, `stat`, `display`, `amount`, `amount_64`, `hero_X_P_64`, `percent`, `spell_Id`, `wealth_Rating`, `treasure_Class`, `treasure_Type`, `p_Script`, `sound`, `destination_Type`, `weenie_Class_Id`, `stack_Size`, `palette`, `shade`, `try_To_Bond`, `obj_Cell_Id`, `origin_X`, `origin_Y`, `origin_Z`, `angles_W`, `angles_X`, `angles_Y`, `angles_Z`) VALUES (@emote_id_197102, 0, 99, 0, 1, NULL, NULL, NULL, NULL, NULL, NULL, NULL, NULL, NULL, 2, NULL, NULL, NULL, NULL, NULL, NULL, NULL, NULL, NULL, NULL, NULL, NULL, NULL, NULL, NULL, NULL, NULL, 0x00100348, 66.9266, -239.842, 0.005, -0.71416, 0, 0, 0.699982);

-- ==========================================================================
-- Gem WCID: 694200181
-- ==========================================================================
DELETE FROM `weenie` WHERE `class_Id` = 694200181;

INSERT INTO `weenie` (`class_Id`, `class_Name`, `type`, `last_Modified`) VALUES (694200181, 'Enlightenedfacilityhubportalgem', 38, '2021-11-01 00:00:00');
INSERT INTO `weenie_properties_int` (`object_Id`, `type`, `value`) VALUES (694200181, 1, 2048), (694200181, 3, 83), (694200181, 5, 10), (694200181, 8, 10), (694200181, 11, 1), (694200181, 12, 1), (694200181, 16, 8), (694200181, 18, 1), (694200181, 19, 0), (694200181, 33, 1), (694200181, 93, 1044), (694200181, 94, 16), (694200181, 106, 210), (694200181, 107, 70), (694200181, 108, 70), (694200181, 109, 10), (694200181, 114, 1), (694200181, 280, 221), (694200181, 369, 10);
INSERT INTO `weenie_properties_bool` (`object_Id`, `type`, `value`) VALUES (694200181, 22, True), (694200181, 63, True);
INSERT INTO `weenie_properties_float` (`object_Id`, `type`, `value`) VALUES (694200181, 76, 0.5), (694200181, 167, 30);
INSERT INTO `weenie_properties_string` (`object_Id`, `type`, `value`) VALUES (694200181, 1, 'Enlightened Facility Hub Portal Gem'), (694200181, 14, 'Double Click on this portal gem to transport yourself to the Enlightened Facility Hub.'), (694200181, 15, 'A gem teeming with portal energy. ');
INSERT INTO `weenie_properties_d_i_d` (`object_Id`, `type`, `value`) VALUES (694200181, 1, 0x02000921), (694200181, 3, 0x20000014), (694200181, 6, 0x04000BEF), (694200181, 8, 0x060030AF), (694200181, 22, 0x3400002B), (694200181, 27, 0x10000057);
INSERT INTO `weenie_properties_emote` (`object_Id`, `category`, `probability`, `weenie_Class_Id`, `style`, `substyle`, `quest`, `vendor_Type`, `min_Health`, `max_Health`, `damage_type`) VALUES (694200181, 7, 1, NULL, NULL, NULL, NULL, NULL, NULL, NULL, NULL);
SET @emote_id_157701 = LAST_INSERT_ID();
INSERT INTO `weenie_properties_emote_action` (`emote_Id`, `order`, `type`, `delay`, `extent`, `motion`, `message`, `test_String`, `min`, `max`, `min_64`, `max_64`, `min_Dbl`, `max_Dbl`, `stat`, `display`, `amount`, `amount_64`, `hero_X_P_64`, `percent`, `spell_Id`, `wealth_Rating`, `treasure_Class`, `treasure_Type`, `p_Script`, `sound`, `destination_Type`, `weenie_Class_Id`, `stack_Size`, `palette`, `shade`, `try_To_Bond`, `obj_Cell_Id`, `origin_X`, `origin_Y`, `origin_Z`, `angles_W`, `angles_X`, `angles_Y`, `angles_Z`) VALUES (@emote_id_157701, 0, 99, 0, 1, NULL, NULL, NULL, NULL, NULL, NULL, NULL, NULL, NULL, 2, NULL, NULL, NULL, NULL, NULL, NULL, NULL, NULL, NULL, NULL, NULL, NULL, NULL, NULL, NULL, NULL, NULL, 0x8A020212, 58.7855, -89.9528, 6.005, 0.995004, 0, 0, -0.099833);

-- ==========================================================================
-- Gem WCID: 3110166
-- ==========================================================================
DELETE FROM `weenie` WHERE `class_Id` = 3110166;

INSERT INTO `weenie` (`class_Id`, `class_Name`, `type`, `last_Modified`) VALUES (3110166, 'ValleyofDeathencampment', 38, '2024-05-05 01:50:01');
INSERT INTO `weenie_properties_int` (`object_Id`, `type`, `value`) VALUES (3110166, 1, 2048), (3110166, 5, 10), (3110166, 8, 10), (3110166, 9, 0), (3110166, 11, 1), (3110166, 12, 1), (3110166, 13, 10), (3110166, 14, 10), (3110166, 15, 50), (3110166, 16, 8), (3110166, 18, 1), (3110166, 19, 50), (3110166, 33, 1), (3110166, 93, 3092), (3110166, 94, 16), (3110166, 106, 210), (3110166, 107, 50), (3110166, 108, 50), (3110166, 114, 1), (3110166, 150, 103), (3110166, 151, 2);
INSERT INTO `weenie_properties_bool` (`object_Id`, `type`, `value`) VALUES (3110166, 15, True), (3110166, 63, True);
INSERT INTO `weenie_properties_string` (`object_Id`, `type`, `value`) VALUES (3110166, 1, 'Valley of Death Encampment Gem'), (3110166, 16, 'Use this gem to be teleported to the Valley of Death Encampment.');
INSERT INTO `weenie_properties_d_i_d` (`object_Id`, `type`, `value`) VALUES (3110166, 1, 0x02000921), (3110166, 3, 0x20000014), (3110166, 6, 0x04000BEF), (3110166, 7, 0x1000010B), (3110166, 8, 0x06001EF7), (3110166, 22, 0x3400002B);
INSERT INTO `weenie_properties_emote` (`object_Id`, `category`, `probability`, `weenie_Class_Id`, `style`, `substyle`, `quest`, `vendor_Type`, `min_Health`, `max_Health`, `damage_type`) VALUES (3110166, 7, 1, NULL, NULL, NULL, NULL, NULL, NULL, NULL, NULL);
SET @emote_id_128208 = LAST_INSERT_ID();
INSERT INTO `weenie_properties_emote_action` (`emote_Id`, `order`, `type`, `delay`, `extent`, `motion`, `message`, `test_String`, `min`, `max`, `min_64`, `max_64`, `min_Dbl`, `max_Dbl`, `stat`, `display`, `amount`, `amount_64`, `hero_X_P_64`, `percent`, `spell_Id`, `wealth_Rating`, `treasure_Class`, `treasure_Type`, `p_Script`, `sound`, `destination_Type`, `weenie_Class_Id`, `stack_Size`, `palette`, `shade`, `try_To_Bond`, `obj_Cell_Id`, `origin_X`, `origin_Y`, `origin_Z`, `angles_W`, `angles_X`, `angles_Y`, `angles_Z`) VALUES (@emote_id_128208, 0, 99, 0, 1, NULL, NULL, NULL, NULL, NULL, NULL, NULL, NULL, NULL, NULL, NULL, NULL, NULL, NULL, NULL, NULL, NULL, NULL, NULL, NULL, NULL, NULL, NULL, NULL, NULL, NULL, NULL, 0x30560002, 7.922, 39.472, 154.006, 0.832928, 0, 0, -0.553382);

-- ==========================================================================
-- Gem WCID: 71271
-- ==========================================================================
DELETE FROM `weenie` WHERE `class_Id` = 71271;

INSERT INTO `weenie` (`class_Id`, `class_Name`, `type`, `last_Modified`) VALUES (71271, 'ace71271-innerburialchamberportalsendinggem', 38, '2021-11-01 00:00:00');
INSERT INTO `weenie_properties_int` (`object_Id`, `type`, `value`) VALUES (71271, 1, 2048), (71271, 3, 14), (71271, 5, 100), (71271, 8, 100), (71271, 9, 0), (71271, 11, 25), (71271, 12, 1), (71271, 13, 200), (71271, 14, 200), (71271, 15, 0), (71271, 16, 8), (71271, 18, 1), (71271, 19, 0), (71271, 33, 1), (71271, 93, 3092), (71271, 94, 16), (71271, 106, 200), (71271, 107, 100), (71271, 108, 100), (71271, 114, 1), (71271, 150, 103), (71271, 151, 2);
INSERT INTO `weenie_properties_bool` (`object_Id`, `type`, `value`) VALUES (71271, 15, True), (71271, 23, True);
INSERT INTO `weenie_properties_float` (`object_Id`, `type`, `value`) VALUES (71271, 76, 0.5);
INSERT INTO `weenie_properties_string` (`object_Id`, `type`, `value`) VALUES (71271, 1, 'Inner Burial Chamber Portal Sending Gem'), (71271, 14, 'Double Click this portal gem to transport yourself to the inner burial chamber of the Rushck Burial Mound.'), (71271, 15, 'A portal gem enchanted to teleport the user to the inner burial chamber of the Ruschk Burial Mound.');
INSERT INTO `weenie_properties_d_i_d` (`object_Id`, `type`, `value`) VALUES (71271, 1, 0x02000921), (71271, 3, 0x20000014), (71271, 6, 0x04000BEF), (71271, 7, 0x1000010B), (71271, 8, 0x06002370), (71271, 22, 0x3400002B), (71271, 28, 0x00000F31), (71271, 36, 0x0E000016);

-- ==========================================================================
-- Gem WCID: 694200385
-- ==========================================================================
DELETE FROM `weenie` WHERE `class_Id` = 694200385;

INSERT INTO `weenie` (`class_Id`, `class_Name`, `type`, `last_Modified`) VALUES (694200385, 'Defense of Zaikhal portal gem', 38, '2021-11-01 00:00:00');
INSERT INTO `weenie_properties_int` (`object_Id`, `type`, `value`) VALUES (694200385, 1, 2048), (694200385, 3, 83), (694200385, 5, 10), (694200385, 8, 10), (694200385, 11, 1), (694200385, 12, 1), (694200385, 16, 8), (694200385, 18, 1), (694200385, 19, 0), (694200385, 33, 1), (694200385, 93, 1044), (694200385, 94, 16), (694200385, 106, 210), (694200385, 107, 70), (694200385, 108, 70), (694200385, 109, 10), (694200385, 114, 1), (694200385, 267, 10800), (694200385, 280, 221);
INSERT INTO `weenie_properties_bool` (`object_Id`, `type`, `value`) VALUES (694200385, 22, True), (694200385, 63, True);
INSERT INTO `weenie_properties_float` (`object_Id`, `type`, `value`) VALUES (694200385, 76, 0.5), (694200385, 167, 30);
INSERT INTO `weenie_properties_string` (`object_Id`, `type`, `value`) VALUES (694200385, 1, 'Defense of Zaikhal portal gem'), (694200385, 14, 'Double Click on this portal gem to transport yourself to the Defense of Zaikhal quest speedrun area.');
INSERT INTO `weenie_properties_d_i_d` (`object_Id`, `type`, `value`) VALUES (694200385, 1, 0x02000921), (694200385, 3, 0x20000014), (694200385, 6, 0x04000BEF), (694200385, 8, 0x0600260F), (694200385, 22, 0x3400002B), (694200385, 27, 0x10000057);
INSERT INTO `weenie_properties_emote` (`object_Id`, `category`, `probability`, `weenie_Class_Id`, `style`, `substyle`, `quest`, `vendor_Type`, `min_Health`, `max_Health`, `damage_type`) VALUES (694200385, 7, 1, NULL, NULL, NULL, NULL, NULL, NULL, NULL, NULL);
SET @emote_id_195271 = LAST_INSERT_ID();
INSERT INTO `weenie_properties_emote_action` (`emote_Id`, `order`, `type`, `delay`, `extent`, `motion`, `message`, `test_String`, `min`, `max`, `min_64`, `max_64`, `min_Dbl`, `max_Dbl`, `stat`, `display`, `amount`, `amount_64`, `hero_X_P_64`, `percent`, `spell_Id`, `wealth_Rating`, `treasure_Class`, `treasure_Type`, `p_Script`, `sound`, `destination_Type`, `weenie_Class_Id`, `stack_Size`, `palette`, `shade`, `try_To_Bond`, `obj_Cell_Id`, `origin_X`, `origin_Y`, `origin_Z`, `angles_W`, `angles_X`, `angles_Y`, `angles_Z`) VALUES (@emote_id_195271, 0, 99, 0, 1, NULL, NULL, NULL, NULL, NULL, NULL, NULL, NULL, NULL, 2, NULL, NULL, NULL, NULL, NULL, NULL, NULL, NULL, NULL, NULL, NULL, NULL, NULL, NULL, NULL, NULL, NULL, 0x001002EA, 170.041, -250.48, -5.995, -0.999992, 0, 0, 0.004027);

-- ==========================================================================
-- Gem WCID: 694200389
-- ==========================================================================
DELETE FROM `weenie` WHERE `class_Id` = 694200389;

INSERT INTO `weenie` (`class_Id`, `class_Name`, `type`, `last_Modified`) VALUES (694200389, 'Elysas Favor portal gem', 38, '2021-11-01 00:00:00');
INSERT INTO `weenie_properties_int` (`object_Id`, `type`, `value`) VALUES (694200389, 1, 2048), (694200389, 3, 83), (694200389, 5, 10), (694200389, 8, 10), (694200389, 11, 1), (694200389, 12, 1), (694200389, 16, 8), (694200389, 18, 1), (694200389, 19, 0), (694200389, 33, 1), (694200389, 93, 1044), (694200389, 94, 16), (694200389, 106, 210), (694200389, 107, 70), (694200389, 108, 70), (694200389, 109, 10), (694200389, 114, 1), (694200389, 267, 10800), (694200389, 280, 221);
INSERT INTO `weenie_properties_bool` (`object_Id`, `type`, `value`) VALUES (694200389, 22, True), (694200389, 63, True);
INSERT INTO `weenie_properties_float` (`object_Id`, `type`, `value`) VALUES (694200389, 76, 0.5), (694200389, 167, 30);
INSERT INTO `weenie_properties_string` (`object_Id`, `type`, `value`) VALUES (694200389, 1, 'Elysas Favor portal gem'), (694200389, 14, 'Double Click on this portal gem to transport yourself to the Elysas Favor Quest speedrun area.');
INSERT INTO `weenie_properties_d_i_d` (`object_Id`, `type`, `value`) VALUES (694200389, 1, 0x02000921), (694200389, 3, 0x20000014), (694200389, 6, 0x04000BEF), (694200389, 8, 0x0600260F), (694200389, 22, 0x3400002B), (694200389, 27, 0x10000057);
INSERT INTO `weenie_properties_emote` (`object_Id`, `category`, `probability`, `weenie_Class_Id`, `style`, `substyle`, `quest`, `vendor_Type`, `min_Health`, `max_Health`, `damage_type`) VALUES (694200389, 7, 1, NULL, NULL, NULL, NULL, NULL, NULL, NULL, NULL);
SET @emote_id_195270 = LAST_INSERT_ID();
INSERT INTO `weenie_properties_emote_action` (`emote_Id`, `order`, `type`, `delay`, `extent`, `motion`, `message`, `test_String`, `min`, `max`, `min_64`, `max_64`, `min_Dbl`, `max_Dbl`, `stat`, `display`, `amount`, `amount_64`, `hero_X_P_64`, `percent`, `spell_Id`, `wealth_Rating`, `treasure_Class`, `treasure_Type`, `p_Script`, `sound`, `destination_Type`, `weenie_Class_Id`, `stack_Size`, `palette`, `shade`, `try_To_Bond`, `obj_Cell_Id`, `origin_X`, `origin_Y`, `origin_Z`, `angles_W`, `angles_X`, `angles_Y`, `angles_Z`) VALUES (@emote_id_195270, 0, 99, 0, 1, NULL, NULL, NULL, NULL, NULL, NULL, NULL, NULL, NULL, 2, NULL, NULL, NULL, NULL, NULL, NULL, NULL, NULL, NULL, NULL, NULL, NULL, NULL, NULL, NULL, NULL, NULL, 0x0010035F, 112.5, -196.014, 0.005, 0.99999, 0, 0, 0.004406);

-- ==========================================================================
-- Gem WCID: 694200515
-- ==========================================================================
DELETE FROM `weenie` WHERE `class_Id` = 694200515;

INSERT INTO `weenie` (`class_Id`, `class_Name`, `type`, `last_Modified`) VALUES (694200515, 'Quest Explorer Portal Gem Week2', 38, '2021-11-01 00:00:00');
INSERT INTO `weenie_properties_int` (`object_Id`, `type`, `value`) VALUES (694200515, 1, 2048), (694200515, 3, 83), (694200515, 5, 10), (694200515, 8, 10), (694200515, 11, 1), (694200515, 12, 1), (694200515, 16, 8), (694200515, 18, 1), (694200515, 19, 0), (694200515, 33, 1), (694200515, 93, 1044), (694200515, 94, 16), (694200515, 106, 210), (694200515, 107, 70), (694200515, 108, 70), (694200515, 109, 10), (694200515, 114, 1), (694200515, 267, 10800), (694200515, 280, 221);
INSERT INTO `weenie_properties_bool` (`object_Id`, `type`, `value`) VALUES (694200515, 22, True), (694200515, 63, True);
INSERT INTO `weenie_properties_float` (`object_Id`, `type`, `value`) VALUES (694200515, 76, 0.5), (694200515, 167, 30);
INSERT INTO `weenie_properties_string` (`object_Id`, `type`, `value`) VALUES (694200515, 1, 'Quest Explorer Portal Gem Week2'), (694200515, 14, 'Double Click on this portal gem to transport yourself to the Week2 quest area.');
INSERT INTO `weenie_properties_d_i_d` (`object_Id`, `type`, `value`) VALUES (694200515, 1, 0x02000921), (694200515, 3, 0x20000014), (694200515, 6, 0x04000BEF), (694200515, 8, 0x0600260F), (694200515, 22, 0x3400002B), (694200515, 27, 0x10000057);
INSERT INTO `weenie_properties_emote` (`object_Id`, `category`, `probability`, `weenie_Class_Id`, `style`, `substyle`, `quest`, `vendor_Type`, `min_Health`, `max_Health`, `damage_type`) VALUES (694200515, 7, 1, NULL, NULL, NULL, NULL, NULL, NULL, NULL, NULL);
SET @emote_id_197505 = LAST_INSERT_ID();
INSERT INTO `weenie_properties_emote_action` (`emote_Id`, `order`, `type`, `delay`, `extent`, `motion`, `message`, `test_String`, `min`, `max`, `min_64`, `max_64`, `min_Dbl`, `max_Dbl`, `stat`, `display`, `amount`, `amount_64`, `hero_X_P_64`, `percent`, `spell_Id`, `wealth_Rating`, `treasure_Class`, `treasure_Type`, `p_Script`, `sound`, `destination_Type`, `weenie_Class_Id`, `stack_Size`, `palette`, `shade`, `try_To_Bond`, `obj_Cell_Id`, `origin_X`, `origin_Y`, `origin_Z`, `angles_W`, `angles_X`, `angles_Y`, `angles_Z`) VALUES (@emote_id_197505, 0, 99, 0, 1, NULL, NULL, NULL, NULL, NULL, NULL, NULL, NULL, NULL, 2, NULL, NULL, NULL, NULL, NULL, NULL, NULL, NULL, NULL, NULL, NULL, NULL, NULL, NULL, NULL, NULL, NULL, 0x0010022B, 348.423, -130.288, -23.995, -0.708288, 0, 0, 0.705923);

-- ==========================================================================
-- Gem WCID: 694200518
-- ==========================================================================
DELETE FROM `weenie` WHERE `class_Id` = 694200518;

INSERT INTO `weenie` (`class_Id`, `class_Name`, `type`, `last_Modified`) VALUES (694200518, 'Quest Explorer Portal Gem Week3', 38, '2021-11-01 00:00:00');
INSERT INTO `weenie_properties_int` (`object_Id`, `type`, `value`) VALUES (694200518, 1, 2048), (694200518, 3, 83), (694200518, 5, 10), (694200518, 8, 10), (694200518, 11, 1), (694200518, 12, 1), (694200518, 16, 8), (694200518, 18, 1), (694200518, 19, 0), (694200518, 33, 1), (694200518, 93, 1044), (694200518, 94, 16), (694200518, 106, 210), (694200518, 107, 70), (694200518, 108, 70), (694200518, 109, 10), (694200518, 114, 1), (694200518, 267, 10800), (694200518, 280, 221);
INSERT INTO `weenie_properties_bool` (`object_Id`, `type`, `value`) VALUES (694200518, 22, True), (694200518, 63, True);
INSERT INTO `weenie_properties_float` (`object_Id`, `type`, `value`) VALUES (694200518, 76, 0.5), (694200518, 167, 30);
INSERT INTO `weenie_properties_string` (`object_Id`, `type`, `value`) VALUES (694200518, 1, 'Quest Explorer Portal Gem Week3'), (694200518, 14, 'Double Click on this portal gem to transport yourself to the Week3 quest area.');
INSERT INTO `weenie_properties_d_i_d` (`object_Id`, `type`, `value`) VALUES (694200518, 1, 0x02000921), (694200518, 3, 0x20000014), (694200518, 6, 0x04000BEF), (694200518, 8, 0x0600260F), (694200518, 22, 0x3400002B), (694200518, 27, 0x10000057);
INSERT INTO `weenie_properties_emote` (`object_Id`, `category`, `probability`, `weenie_Class_Id`, `style`, `substyle`, `quest`, `vendor_Type`, `min_Health`, `max_Health`, `damage_type`) VALUES (694200518, 7, 1, NULL, NULL, NULL, NULL, NULL, NULL, NULL, NULL);
SET @emote_id_201738 = LAST_INSERT_ID();
INSERT INTO `weenie_properties_emote_action` (`emote_Id`, `order`, `type`, `delay`, `extent`, `motion`, `message`, `test_String`, `min`, `max`, `min_64`, `max_64`, `min_Dbl`, `max_Dbl`, `stat`, `display`, `amount`, `amount_64`, `hero_X_P_64`, `percent`, `spell_Id`, `wealth_Rating`, `treasure_Class`, `treasure_Type`, `p_Script`, `sound`, `destination_Type`, `weenie_Class_Id`, `stack_Size`, `palette`, `shade`, `try_To_Bond`, `obj_Cell_Id`, `origin_X`, `origin_Y`, `origin_Z`, `angles_W`, `angles_X`, `angles_Y`, `angles_Z`) VALUES (@emote_id_201738, 0, 99, 0, 1, NULL, NULL, NULL, NULL, NULL, NULL, NULL, NULL, NULL, 2, NULL, NULL, NULL, NULL, NULL, NULL, NULL, NULL, NULL, NULL, NULL, NULL, NULL, NULL, NULL, NULL, NULL, 0x0010026D, 243.015, -240.319, -17.995, 0.683872, 0, 0, 0.729602);

-- ==========================================================================
-- Gem WCID: 694200521
-- ==========================================================================
DELETE FROM `weenie` WHERE `class_Id` = 694200521;

INSERT INTO `weenie` (`class_Id`, `class_Name`, `type`, `last_Modified`) VALUES (694200521, 'Quest Explorer Portal Gem Week4', 38, '2021-11-01 00:00:00');
INSERT INTO `weenie_properties_int` (`object_Id`, `type`, `value`) VALUES (694200521, 1, 2048), (694200521, 3, 83), (694200521, 5, 10), (694200521, 8, 10), (694200521, 11, 1), (694200521, 12, 1), (694200521, 16, 8), (694200521, 18, 1), (694200521, 19, 0), (694200521, 33, 1), (694200521, 93, 1044), (694200521, 94, 16), (694200521, 106, 210), (694200521, 107, 70), (694200521, 108, 70), (694200521, 109, 10), (694200521, 114, 1), (694200521, 267, 10800), (694200521, 280, 221);
INSERT INTO `weenie_properties_bool` (`object_Id`, `type`, `value`) VALUES (694200521, 22, True), (694200521, 63, True);
INSERT INTO `weenie_properties_float` (`object_Id`, `type`, `value`) VALUES (694200521, 76, 0.5), (694200521, 167, 30);
INSERT INTO `weenie_properties_string` (`object_Id`, `type`, `value`) VALUES (694200521, 1, 'Quest Explorer Portal Gem Week4'), (694200521, 14, 'Double Click on this portal gem to transport yourself to the Week4 quest area.');
INSERT INTO `weenie_properties_d_i_d` (`object_Id`, `type`, `value`) VALUES (694200521, 1, 0x02000921), (694200521, 3, 0x20000014), (694200521, 6, 0x04000BEF), (694200521, 8, 0x0600260F), (694200521, 22, 0x3400002B), (694200521, 27, 0x10000057);
INSERT INTO `weenie_properties_emote` (`object_Id`, `category`, `probability`, `weenie_Class_Id`, `style`, `substyle`, `quest`, `vendor_Type`, `min_Health`, `max_Health`, `damage_type`) VALUES (694200521, 7, 1, NULL, NULL, NULL, NULL, NULL, NULL, NULL, NULL);
SET @emote_id_201745 = LAST_INSERT_ID();
INSERT INTO `weenie_properties_emote_action` (`emote_Id`, `order`, `type`, `delay`, `extent`, `motion`, `message`, `test_String`, `min`, `max`, `min_64`, `max_64`, `min_Dbl`, `max_Dbl`, `stat`, `display`, `amount`, `amount_64`, `hero_X_P_64`, `percent`, `spell_Id`, `wealth_Rating`, `treasure_Class`, `treasure_Type`, `p_Script`, `sound`, `destination_Type`, `weenie_Class_Id`, `stack_Size`, `palette`, `shade`, `try_To_Bond`, `obj_Cell_Id`, `origin_X`, `origin_Y`, `origin_Z`, `angles_W`, `angles_X`, `angles_Y`, `angles_Z`) VALUES (@emote_id_201745, 0, 99, 0, 1, NULL, NULL, NULL, NULL, NULL, NULL, NULL, NULL, NULL, 2, NULL, NULL, NULL, NULL, NULL, NULL, NULL, NULL, NULL, NULL, NULL, NULL, NULL, NULL, NULL, NULL, NULL, 0x00100238, 350.158, -185.386, -23.995, -0.019307, 0, 0, 0.999814);

-- ==========================================================================
-- Gem WCID: 694200524
-- ==========================================================================
DELETE FROM `weenie` WHERE `class_Id` = 694200524;

INSERT INTO `weenie` (`class_Id`, `class_Name`, `type`, `last_Modified`) VALUES (694200524, 'Quest Explorer Portal Gem Week5', 38, '2021-11-01 00:00:00');
INSERT INTO `weenie_properties_int` (`object_Id`, `type`, `value`) VALUES (694200524, 1, 2048), (694200524, 3, 83), (694200524, 5, 10), (694200524, 8, 10), (694200524, 11, 1), (694200524, 12, 1), (694200524, 16, 8), (694200524, 18, 1), (694200524, 19, 0), (694200524, 33, 1), (694200524, 93, 1044), (694200524, 94, 16), (694200524, 106, 210), (694200524, 107, 70), (694200524, 108, 70), (694200524, 109, 10), (694200524, 114, 1), (694200524, 267, 10800), (694200524, 280, 221);
INSERT INTO `weenie_properties_bool` (`object_Id`, `type`, `value`) VALUES (694200524, 22, True), (694200524, 63, True);
INSERT INTO `weenie_properties_float` (`object_Id`, `type`, `value`) VALUES (694200524, 76, 0.5), (694200524, 167, 30);
INSERT INTO `weenie_properties_string` (`object_Id`, `type`, `value`) VALUES (694200524, 1, 'Quest Explorer Portal Gem Week5'), (694200524, 14, 'Double Click on this portal gem to transport yourself to the Week5 quest area.');
INSERT INTO `weenie_properties_d_i_d` (`object_Id`, `type`, `value`) VALUES (694200524, 1, 0x02000921), (694200524, 3, 0x20000014), (694200524, 6, 0x04000BEF), (694200524, 8, 0x0600260F), (694200524, 22, 0x3400002B), (694200524, 27, 0x10000057);
INSERT INTO `weenie_properties_emote` (`object_Id`, `category`, `probability`, `weenie_Class_Id`, `style`, `substyle`, `quest`, `vendor_Type`, `min_Health`, `max_Health`, `damage_type`) VALUES (694200524, 7, 1, NULL, NULL, NULL, NULL, NULL, NULL, NULL, NULL);
SET @emote_id_204684 = LAST_INSERT_ID();
INSERT INTO `weenie_properties_emote_action` (`emote_Id`, `order`, `type`, `delay`, `extent`, `motion`, `message`, `test_String`, `min`, `max`, `min_64`, `max_64`, `min_Dbl`, `max_Dbl`, `stat`, `display`, `amount`, `amount_64`, `hero_X_P_64`, `percent`, `spell_Id`, `wealth_Rating`, `treasure_Class`, `treasure_Type`, `p_Script`, `sound`, `destination_Type`, `weenie_Class_Id`, `stack_Size`, `palette`, `shade`, `try_To_Bond`, `obj_Cell_Id`, `origin_X`, `origin_Y`, `origin_Z`, `angles_W`, `angles_X`, `angles_Y`, `angles_Z`) VALUES (@emote_id_204684, 0, 99, 0, 1, NULL, NULL, NULL, NULL, NULL, NULL, NULL, NULL, NULL, 2, NULL, NULL, NULL, NULL, NULL, NULL, NULL, NULL, NULL, NULL, NULL, NULL, NULL, NULL, NULL, NULL, NULL, 0x00100101, 291.579, -50.8742, -41.995, -0.086872, 0, 0, -0.99622);

-- ==========================================================================
-- Gem WCID: 694200527
-- ==========================================================================
DELETE FROM `weenie` WHERE `class_Id` = 694200527;

INSERT INTO `weenie` (`class_Id`, `class_Name`, `type`, `last_Modified`) VALUES (694200527, 'Quest Explorer Portal Gem Week6', 38, '2021-11-01 00:00:00');
INSERT INTO `weenie_properties_int` (`object_Id`, `type`, `value`) VALUES (694200527, 1, 2048), (694200527, 3, 83), (694200527, 5, 10), (694200527, 8, 10), (694200527, 11, 1), (694200527, 12, 1), (694200527, 16, 8), (694200527, 18, 1), (694200527, 19, 0), (694200527, 33, 1), (694200527, 93, 1044), (694200527, 94, 16), (694200527, 106, 210), (694200527, 107, 70), (694200527, 108, 70), (694200527, 109, 10), (694200527, 114, 1), (694200527, 267, 10800), (694200527, 280, 221);
INSERT INTO `weenie_properties_bool` (`object_Id`, `type`, `value`) VALUES (694200527, 22, True), (694200527, 63, True);
INSERT INTO `weenie_properties_float` (`object_Id`, `type`, `value`) VALUES (694200527, 76, 0.5), (694200527, 167, 30);
INSERT INTO `weenie_properties_string` (`object_Id`, `type`, `value`) VALUES (694200527, 1, 'Quest Explorer Portal Gem Week6'), (694200527, 14, 'Double Click on this portal gem to transport yourself to the Week6 quest area.');
INSERT INTO `weenie_properties_d_i_d` (`object_Id`, `type`, `value`) VALUES (694200527, 1, 0x02000921), (694200527, 3, 0x20000014), (694200527, 6, 0x04000BEF), (694200527, 8, 0x0600260F), (694200527, 22, 0x3400002B), (694200527, 27, 0x10000057);
INSERT INTO `weenie_properties_emote` (`object_Id`, `category`, `probability`, `weenie_Class_Id`, `style`, `substyle`, `quest`, `vendor_Type`, `min_Health`, `max_Health`, `damage_type`) VALUES (694200527, 7, 1, NULL, NULL, NULL, NULL, NULL, NULL, NULL, NULL);
SET @emote_id_204791 = LAST_INSERT_ID();
INSERT INTO `weenie_properties_emote_action` (`emote_Id`, `order`, `type`, `delay`, `extent`, `motion`, `message`, `test_String`, `min`, `max`, `min_64`, `max_64`, `min_Dbl`, `max_Dbl`, `stat`, `display`, `amount`, `amount_64`, `hero_X_P_64`, `percent`, `spell_Id`, `wealth_Rating`, `treasure_Class`, `treasure_Type`, `p_Script`, `sound`, `destination_Type`, `weenie_Class_Id`, `stack_Size`, `palette`, `shade`, `try_To_Bond`, `obj_Cell_Id`, `origin_X`, `origin_Y`, `origin_Z`, `angles_W`, `angles_X`, `angles_Y`, `angles_Z`) VALUES (@emote_id_204791, 0, 99, 0, 1, NULL, NULL, NULL, NULL, NULL, NULL, NULL, NULL, NULL, 2, NULL, NULL, NULL, NULL, NULL, NULL, NULL, NULL, NULL, NULL, NULL, NULL, NULL, NULL, NULL, NULL, NULL, 0x001009E6, 266.584, -26.1621, -23.995, 0.019918, 0, 0, 0.999802);

-- ==========================================================================
-- Gem WCID: 694200530
-- ==========================================================================
DELETE FROM `weenie` WHERE `class_Id` = 694200530;

INSERT INTO `weenie` (`class_Id`, `class_Name`, `type`, `last_Modified`) VALUES (694200530, 'Quest Explorer Portal Gem Week7', 38, '2021-11-01 00:00:00');
INSERT INTO `weenie_properties_int` (`object_Id`, `type`, `value`) VALUES (694200530, 1, 2048), (694200530, 3, 83), (694200530, 5, 10), (694200530, 8, 10), (694200530, 11, 1), (694200530, 12, 1), (694200530, 16, 8), (694200530, 18, 1), (694200530, 19, 0), (694200530, 33, 1), (694200530, 93, 1044), (694200530, 94, 16), (694200530, 106, 210), (694200530, 107, 70), (694200530, 108, 70), (694200530, 109, 10), (694200530, 114, 1), (694200530, 267, 10800), (694200530, 280, 221);
INSERT INTO `weenie_properties_bool` (`object_Id`, `type`, `value`) VALUES (694200530, 22, True), (694200530, 63, True);
INSERT INTO `weenie_properties_float` (`object_Id`, `type`, `value`) VALUES (694200530, 76, 0.5), (694200530, 167, 30);
INSERT INTO `weenie_properties_string` (`object_Id`, `type`, `value`) VALUES (694200530, 1, 'Quest Explorer Portal Gem Week7 - Hieromancer''s Armor'), (694200530, 14, 'Double Click to travel to the Hieromancer''s Armor quest area (Black Marrow).');
INSERT INTO `weenie_properties_d_i_d` (`object_Id`, `type`, `value`) VALUES (694200530, 1, 0x02000921), (694200530, 3, 0x20000014), (694200530, 6, 0x04000BEF), (694200530, 8, 0x0600260F), (694200530, 22, 0x3400002B), (694200530, 27, 0x10000057);
INSERT INTO `weenie_properties_emote` (`object_Id`, `category`, `probability`, `weenie_Class_Id`, `style`, `substyle`, `quest`, `vendor_Type`, `min_Health`, `max_Health`, `damage_type`) VALUES (694200530, 7, 1, NULL, NULL, NULL, NULL, NULL, NULL, NULL, NULL);
SET @emote_id_205344 = LAST_INSERT_ID();
INSERT INTO `weenie_properties_emote_action` (`emote_Id`, `order`, `type`, `delay`, `extent`, `motion`, `message`, `test_String`, `min`, `max`, `min_64`, `max_64`, `min_Dbl`, `max_Dbl`, `stat`, `display`, `amount`, `amount_64`, `hero_X_P_64`, `percent`, `spell_Id`, `wealth_Rating`, `treasure_Class`, `treasure_Type`, `p_Script`, `sound`, `destination_Type`, `weenie_Class_Id`, `stack_Size`, `palette`, `shade`, `try_To_Bond`, `obj_Cell_Id`, `origin_X`, `origin_Y`, `origin_Z`, `angles_W`, `angles_X`, `angles_Y`, `angles_Z`) VALUES (@emote_id_205344, 0, 99, 0, 1, NULL, NULL, NULL, NULL, NULL, NULL, NULL, NULL, NULL, 2, NULL, NULL, NULL, NULL, NULL, NULL, NULL, NULL, NULL, NULL, NULL, NULL, NULL, NULL, NULL, NULL, NULL, 0x001001A0, 178.89, 0.632315, -23.995, -0.700182, 0, 0, 0.713964);

-- ==========================================================================
-- Gem WCID: 86753075
-- ==========================================================================
DELETE FROM `weenie` WHERE `class_Id` = 86753075;

INSERT INTO `weenie` (`class_Id`, `class_Name`, `type`, `last_Modified`) VALUES (86753075, 'MP Recall Gem', 38, '2024-08-22 00:00:00');
INSERT INTO `weenie_properties_int` (`object_Id`, `type`, `value`) VALUES (86753075, 1, 2048), (86753075, 3, 82), (86753075, 5, 10), (86753075, 8, 10), (86753075, 9, 0), (86753075, 11, 1), (86753075, 12, 1), (86753075, 13, 10), (86753075, 14, 10), (86753075, 15, 150), (86753075, 16, 8), (86753075, 18, 1), (86753075, 19, 150), (86753075, 33, 1), (86753075, 93, 3092), (86753075, 94, 16), (86753075, 106, 210), (86753075, 107, 50), (86753075, 108, 50), (86753075, 114, 1), (86753075, 150, 103), (86753075, 151, 2);
INSERT INTO `weenie_properties_bool` (`object_Id`, `type`, `value`) VALUES (86753075, 15, True), (86753075, 63, True);
INSERT INTO `weenie_properties_string` (`object_Id`, `type`, `value`) VALUES (86753075, 1, 'Marketplace Recall Gem'), (86753075, 16, 'Use this gem to be teleported to the Marketplace.');
INSERT INTO `weenie_properties_d_i_d` (`object_Id`, `type`, `value`) VALUES (86753075, 1, 0x02000C79), (86753075, 3, 0x20000014), (86753075, 6, 0x04000BEF), (86753075, 7, 0x1000010B), (86753075, 8, 0x0600753F), (86753075, 22, 0x3400002B);
INSERT INTO `weenie_properties_emote` (`object_Id`, `category`, `probability`, `weenie_Class_Id`, `style`, `substyle`, `quest`, `vendor_Type`, `min_Health`, `max_Health`, `damage_type`) VALUES (86753075, 7, 1, NULL, NULL, NULL, NULL, NULL, NULL, NULL, NULL);
SET @emote_id_144842 = LAST_INSERT_ID();
INSERT INTO `weenie_properties_emote_action` (`emote_Id`, `order`, `type`, `delay`, `extent`, `motion`, `message`, `test_String`, `min`, `max`, `min_64`, `max_64`, `min_Dbl`, `max_Dbl`, `stat`, `display`, `amount`, `amount_64`, `hero_X_P_64`, `percent`, `spell_Id`, `wealth_Rating`, `treasure_Class`, `treasure_Type`, `p_Script`, `sound`, `destination_Type`, `weenie_Class_Id`, `stack_Size`, `palette`, `shade`, `try_To_Bond`, `obj_Cell_Id`, `origin_X`, `origin_Y`, `origin_Z`, `angles_W`, `angles_X`, `angles_Y`, `angles_Z`) VALUES (@emote_id_144842, 0, 99, 0, 1, NULL, NULL, NULL, NULL, NULL, NULL, NULL, NULL, NULL, NULL, NULL, NULL, NULL, NULL, NULL, NULL, NULL, NULL, NULL, NULL, NULL, NULL, NULL, NULL, NULL, NULL, NULL, 0x016C01BC, 49.206, -31.935, 0.0045, 0.707107, 0, 0, -0.707107);

-- ==========================================================================
-- Gem WCID: 86753079
-- ==========================================================================
DELETE FROM `weenie` WHERE `class_Id` = 86753079;

INSERT INTO `weenie` (`class_Id`, `class_Name`, `type`, `last_Modified`) VALUES (86753079, 'lifestonerecallgem', 38, '2024-08-22 00:00:00');
INSERT INTO `weenie_properties_int` (`object_Id`, `type`, `value`) VALUES (86753079, 1, 2048), (86753079, 5, 10), (86753079, 11, 25), (86753079, 12, 1), (86753079, 13, 10), (86753079, 15, 75), (86753079, 16, 8), (86753079, 18, 1), (86753079, 19, 75), (86753079, 33, 0), (86753079, 93, 3092), (86753079, 94, 16), (86753079, 106, 210), (86753079, 107, 70), (86753079, 108, 70), (86753079, 109, 10), (86753079, 110, 0), (86753079, 114, 0);
INSERT INTO `weenie_properties_bool` (`object_Id`, `type`, `value`) VALUES (86753079, 15, True), (86753079, 63, True);
INSERT INTO `weenie_properties_float` (`object_Id`, `type`, `value`) VALUES (86753079, 76, 0.5);
INSERT INTO `weenie_properties_string` (`object_Id`, `type`, `value`) VALUES (86753079, 1, 'Lifestone Recall Gem'), (86753079, 14, 'Double Click on this everlasting gobstopper to cast lifestone recall.'), (86753079, 15, 'A gem teeming with portal energy. ');
INSERT INTO `weenie_properties_d_i_d` (`object_Id`, `type`, `value`) VALUES (86753079, 1, 0x02000921), (86753079, 3, 0x20000014), (86753079, 6, 0x04000BEF), (86753079, 8, 0x06002D2C), (86753079, 22, 0x3400002B), (86753079, 28, 0x00000663);

-- ==========================================================================
-- Gem WCID: 86753076
-- ==========================================================================
DELETE FROM `weenie` WHERE `class_Id` = 86753076;

INSERT INTO `weenie` (`class_Id`, `class_Name`, `type`, `last_Modified`) VALUES (86753076, 'portalrecallgem', 38, '2024-08-22 00:00:00');
INSERT INTO `weenie_properties_int` (`object_Id`, `type`, `value`) VALUES (86753076, 1, 2048), (86753076, 5, 10), (86753076, 11, 25), (86753076, 12, 1), (86753076, 13, 10), (86753076, 15, 50), (86753076, 16, 8), (86753076, 18, 1), (86753076, 19, 50), (86753076, 33, 0), (86753076, 93, 3092), (86753076, 94, 16), (86753076, 106, 210), (86753076, 107, 70), (86753076, 108, 70), (86753076, 109, 10), (86753076, 110, 0), (86753076, 114, 0);
INSERT INTO `weenie_properties_bool` (`object_Id`, `type`, `value`) VALUES (86753076, 15, True), (86753076, 63, True);
INSERT INTO `weenie_properties_float` (`object_Id`, `type`, `value`) VALUES (86753076, 76, 0.5);
INSERT INTO `weenie_properties_string` (`object_Id`, `type`, `value`) VALUES (86753076, 1, 'Portal Recall Gem'), (86753076, 14, 'Double Click on this everlasting gobstopper to cast portal recall.'), (86753076, 15, 'A gem teeming with portal energy. ');
INSERT INTO `weenie_properties_d_i_d` (`object_Id`, `type`, `value`) VALUES (86753076, 1, 0x02001117), (86753076, 3, 0x20000014), (86753076, 6, 0x04000BEF), (86753076, 8, 0x06003419), (86753076, 22, 0x3400002B), (86753076, 28, 0x00000A55);

-- ==========================================================================
-- Gem WCID: 86753077
-- ==========================================================================
DELETE FROM `weenie` WHERE `class_Id` = 86753077;

INSERT INTO `weenie` (`class_Id`, `class_Name`, `type`, `last_Modified`) VALUES (86753077, 'primaryportalrecallgem', 38, '2024-08-22 00:00:00');
INSERT INTO `weenie_properties_int` (`object_Id`, `type`, `value`) VALUES (86753077, 1, 2048), (86753077, 5, 10), (86753077, 11, 25), (86753077, 12, 1), (86753077, 13, 10), (86753077, 15, 50), (86753077, 16, 8), (86753077, 18, 1), (86753077, 19, 50), (86753077, 33, 0), (86753077, 93, 3092), (86753077, 94, 16), (86753077, 106, 210), (86753077, 107, 70), (86753077, 108, 70), (86753077, 109, 10), (86753077, 110, 0), (86753077, 114, 0);
INSERT INTO `weenie_properties_bool` (`object_Id`, `type`, `value`) VALUES (86753077, 15, True), (86753077, 63, True);
INSERT INTO `weenie_properties_float` (`object_Id`, `type`, `value`) VALUES (86753077, 76, 0.5);
INSERT INTO `weenie_properties_string` (`object_Id`, `type`, `value`) VALUES (86753077, 1, 'Primary Portal Recall Gem'), (86753077, 14, 'Double Click on this everlasting gobstopper to cast primary portal recall.'), (86753077, 15, 'A gem teeming with portal energy. ');
INSERT INTO `weenie_properties_d_i_d` (`object_Id`, `type`, `value`) VALUES (86753077, 1, 0x02000921), (86753077, 3, 0x20000014), (86753077, 6, 0x04000BEF), (86753077, 8, 0x06002D30), (86753077, 22, 0x3400002B), (86753077, 28, 0x00000030);

-- ==========================================================================
-- Gem WCID: 86753078
-- ==========================================================================
DELETE FROM `weenie` WHERE `class_Id` = 86753078;

INSERT INTO `weenie` (`class_Id`, `class_Name`, `type`, `last_Modified`) VALUES (86753078, 'secondaryportalrecallgem', 38, '2024-08-22 00:00:00');
INSERT INTO `weenie_properties_int` (`object_Id`, `type`, `value`) VALUES (86753078, 1, 2048), (86753078, 5, 10), (86753078, 11, 25), (86753078, 12, 1), (86753078, 13, 10), (86753078, 15, 50), (86753078, 16, 8), (86753078, 18, 1), (86753078, 19, 50), (86753078, 33, 0), (86753078, 93, 3092), (86753078, 94, 16), (86753078, 106, 210), (86753078, 107, 70), (86753078, 108, 70), (86753078, 109, 10), (86753078, 110, 0), (86753078, 114, 0);
INSERT INTO `weenie_properties_bool` (`object_Id`, `type`, `value`) VALUES (86753078, 15, True), (86753078, 63, True);
INSERT INTO `weenie_properties_float` (`object_Id`, `type`, `value`) VALUES (86753078, 76, 0.5);
INSERT INTO `weenie_properties_string` (`object_Id`, `type`, `value`) VALUES (86753078, 1, 'Secondary Portal Recall Gem'), (86753078, 14, 'Double Click on this everlasting gobstopper to cast secondary portal recall.'), (86753078, 15, 'A gem teeming with portal energy. ');
INSERT INTO `weenie_properties_d_i_d` (`object_Id`, `type`, `value`) VALUES (86753078, 1, 0x02000921), (86753078, 3, 0x20000014), (86753078, 6, 0x04000BEF), (86753078, 8, 0x06002D2B), (86753078, 22, 0x3400002B), (86753078, 28, 0x00000A57);

-- ==========================================================================
-- Gem WCID: 3110009
-- ==========================================================================
DELETE FROM `weenie` WHERE `class_Id` = 3110009;

INSERT INTO `weenie` (`class_Id`, `class_Name`, `type`, `last_Modified`) VALUES (3110009, 'Wickedwaresgen', 38, '2024-05-05 01:50:01');
INSERT INTO `weenie_properties_int` (`object_Id`, `type`, `value`) VALUES (3110009, 1, 2048), (3110009, 3, 82), (3110009, 5, 10), (3110009, 8, 10), (3110009, 9, 0), (3110009, 11, 1), (3110009, 12, 1), (3110009, 13, 10), (3110009, 14, 10), (3110009, 15, 10), (3110009, 16, 8), (3110009, 18, 1), (3110009, 19, 10), (3110009, 33, 1), (3110009, 93, 3092), (3110009, 94, 16), (3110009, 106, 210), (3110009, 107, 50), (3110009, 108, 50), (3110009, 114, 1), (3110009, 150, 103), (3110009, 151, 2);
INSERT INTO `weenie_properties_bool` (`object_Id`, `type`, `value`) VALUES (3110009, 15, True), (3110009, 63, True);
INSERT INTO `weenie_properties_string` (`object_Id`, `type`, `value`) VALUES (3110009, 1, 'Wicked Wares Gem'), (3110009, 16, 'Use this gem to be teleported to the Wicked Wares Vendor.');
INSERT INTO `weenie_properties_d_i_d` (`object_Id`, `type`, `value`) VALUES (3110009, 1, 0x02000921), (3110009, 3, 0x20000014), (3110009, 6, 0x04000BEF), (3110009, 7, 0x1000010B), (3110009, 8, 0x0600262E), (3110009, 22, 0x3400002B);
INSERT INTO `weenie_properties_emote` (`object_Id`, `category`, `probability`, `weenie_Class_Id`, `style`, `substyle`, `quest`, `vendor_Type`, `min_Health`, `max_Health`, `damage_type`) VALUES (3110009, 7, 1, NULL, NULL, NULL, NULL, NULL, NULL, NULL, NULL);
SET @emote_id_119658 = LAST_INSERT_ID();
INSERT INTO `weenie_properties_emote_action` (`emote_Id`, `order`, `type`, `delay`, `extent`, `motion`, `message`, `test_String`, `min`, `max`, `min_64`, `max_64`, `min_Dbl`, `max_Dbl`, `stat`, `display`, `amount`, `amount_64`, `hero_X_P_64`, `percent`, `spell_Id`, `wealth_Rating`, `treasure_Class`, `treasure_Type`, `p_Script`, `sound`, `destination_Type`, `weenie_Class_Id`, `stack_Size`, `palette`, `shade`, `try_To_Bond`, `obj_Cell_Id`, `origin_X`, `origin_Y`, `origin_Z`, `angles_W`, `angles_X`, `angles_Y`, `angles_Z`) VALUES (@emote_id_119658, 0, 99, 0, 1, NULL, NULL, NULL, NULL, NULL, NULL, NULL, NULL, NULL, NULL, NULL, NULL, NULL, NULL, NULL, NULL, NULL, NULL, NULL, NULL, NULL, NULL, NULL, NULL, NULL, NULL, NULL, 0xADB8003C, 189.955, 83.764, 96.005, 0.777688, 0, 0, -0.62865);

-- ==========================================================================
-- Gem WCID: 98760170
-- ==========================================================================
DELETE FROM `weenie` WHERE `class_Id` = 98760170;

INSERT INTO `weenie` (`class_Id`, `class_Name`, `type`, `last_Modified`) VALUES (98760170, 'Zerivax Recall Gem', 38, '2024-04-30 01:50:01');
INSERT INTO `weenie_properties_int` (`object_Id`, `type`, `value`) VALUES (98760170, 1, 2048), (98760170, 3, 82), (98760170, 5, 10), (98760170, 8, 10), (98760170, 9, 0), (98760170, 11, 1), (98760170, 12, 1), (98760170, 13, 10), (98760170, 14, 10), (98760170, 15, 10), (98760170, 16, 8), (98760170, 18, 1), (98760170, 19, 0), (98760170, 33, 1), (98760170, 93, 3092), (98760170, 94, 16), (98760170, 106, 210), (98760170, 107, 50), (98760170, 108, 50), (98760170, 114, 1), (98760170, 150, 103), (98760170, 151, 2);
INSERT INTO `weenie_properties_bool` (`object_Id`, `type`, `value`) VALUES (98760170, 15, True), (98760170, 63, True);
INSERT INTO `weenie_properties_string` (`object_Id`, `type`, `value`) VALUES (98760170, 1, 'Zerivax Recall Gem'), (98760170, 16, 'Use this gem to be teleported to Zerivax on Qin Xikit''s Island.');
INSERT INTO `weenie_properties_d_i_d` (`object_Id`, `type`, `value`) VALUES (98760170, 1, 0x02000921), (98760170, 3, 0x20000014), (98760170, 6, 0x04000BEF), (98760170, 7, 0x1000010B), (98760170, 8, 0x06006781), (98760170, 22, 0x3400002B), (98760170, 52, 0x06006BBC);
INSERT INTO `weenie_properties_emote` (`object_Id`, `category`, `probability`, `weenie_Class_Id`, `style`, `substyle`, `quest`, `vendor_Type`, `min_Health`, `max_Health`, `damage_type`) VALUES (98760170, 7, 1, NULL, NULL, NULL, NULL, NULL, NULL, NULL, NULL);
SET @emote_id_222283 = LAST_INSERT_ID();
INSERT INTO `weenie_properties_emote_action` (`emote_Id`, `order`, `type`, `delay`, `extent`, `motion`, `message`, `test_String`, `min`, `max`, `min_64`, `max_64`, `min_Dbl`, `max_Dbl`, `stat`, `display`, `amount`, `amount_64`, `hero_X_P_64`, `percent`, `spell_Id`, `wealth_Rating`, `treasure_Class`, `treasure_Type`, `p_Script`, `sound`, `destination_Type`, `weenie_Class_Id`, `stack_Size`, `palette`, `shade`, `try_To_Bond`, `obj_Cell_Id`, `origin_X`, `origin_Y`, `origin_Z`, `angles_W`, `angles_X`, `angles_Y`, `angles_Z`) VALUES (@emote_id_222283, 0, 99, 0, 1, NULL, NULL, NULL, NULL, NULL, NULL, NULL, NULL, NULL, NULL, NULL, NULL, NULL, NULL, NULL, NULL, NULL, NULL, NULL, NULL, NULL, NULL, NULL, NULL, NULL, NULL, NULL, 0x1048000D, 32.3576, 104.422, 8.005, -0.945847, 0, 0, 0.324613);

-- ==========================================================================
-- Gem WCID: 300101193
-- ==========================================================================
DELETE FROM `weenie` WHERE `class_Id` = 300101193;

INSERT INTO `weenie` (`class_Id`, `class_Name`, `type`, `last_Modified`) VALUES (300101193, 'TLRecallGem', 38, '2024-05-05 01:50:01');
INSERT INTO `weenie_properties_int` (`object_Id`, `type`, `value`) VALUES (300101193, 1, 2048), (300101193, 3, 82), (300101193, 5, 10), (300101193, 8, 10), (300101193, 9, 0), (300101193, 11, 1), (300101193, 12, 1), (300101193, 13, 10), (300101193, 14, 10), (300101193, 15, 100), (300101193, 16, 8), (300101193, 18, 1), (300101193, 19, 100), (300101193, 33, 1), (300101193, 93, 3092), (300101193, 94, 16), (300101193, 106, 210), (300101193, 107, 50), (300101193, 108, 50), (300101193, 114, 1), (300101193, 150, 103), (300101193, 151, 2);
INSERT INTO `weenie_properties_bool` (`object_Id`, `type`, `value`) VALUES (300101193, 15, True), (300101193, 63, True);
INSERT INTO `weenie_properties_string` (`object_Id`, `type`, `value`) VALUES (300101193, 1, 'Thaelaryn Lassel Recall Gem'), (300101193, 16, 'Use this gem to be teleported to the Covenant of Ironthorn Encampment.');
INSERT INTO `weenie_properties_d_i_d` (`object_Id`, `type`, `value`) VALUES (300101193, 1, 0x02000921), (300101193, 3, 0x20000014), (300101193, 6, 0x04000BEF), (300101193, 7, 0x1000010B), (300101193, 8, 0x06002B04), (300101193, 22, 0x3400002B), (300101193, 52, 0x060067A0);
INSERT INTO `weenie_properties_emote` (`object_Id`, `category`, `probability`, `weenie_Class_Id`, `style`, `substyle`, `quest`, `vendor_Type`, `min_Health`, `max_Health`, `damage_type`) VALUES (300101193, 7, 1, NULL, NULL, NULL, NULL, NULL, NULL, NULL, NULL);
SET @emote_id_174970 = LAST_INSERT_ID();
INSERT INTO `weenie_properties_emote_action` (`emote_Id`, `order`, `type`, `delay`, `extent`, `motion`, `message`, `test_String`, `min`, `max`, `min_64`, `max_64`, `min_Dbl`, `max_Dbl`, `stat`, `display`, `amount`, `amount_64`, `hero_X_P_64`, `percent`, `spell_Id`, `wealth_Rating`, `treasure_Class`, `treasure_Type`, `p_Script`, `sound`, `destination_Type`, `weenie_Class_Id`, `stack_Size`, `palette`, `shade`, `try_To_Bond`, `obj_Cell_Id`, `origin_X`, `origin_Y`, `origin_Z`, `angles_W`, `angles_X`, `angles_Y`, `angles_Z`) VALUES (@emote_id_174970, 0, 99, 0, 1, NULL, NULL, NULL, NULL, NULL, NULL, NULL, NULL, NULL, NULL, NULL, NULL, NULL, NULL, NULL, NULL, NULL, NULL, NULL, NULL, NULL, NULL, NULL, NULL, NULL, NULL, NULL, 0xF76B0010, 43.7385, 172.598, -0.0965, 0.54124, 0, 0, -0.840868);

-- ==========================================================================
-- Gem WCID: 867530155
-- ==========================================================================
DELETE FROM `weenie` WHERE `class_Id` = 867530155;

INSERT INTO `weenie` (`class_Id`, `class_Name`, `type`, `last_Modified`) VALUES (867530155, 'High QB Lounge Recall Gem', 38, '2024-08-22 00:00:00');
INSERT INTO `weenie_properties_int` (`object_Id`, `type`, `value`) VALUES (867530155, 1, 2048), (867530155, 3, 82), (867530155, 5, 10), (867530155, 8, 10), (867530155, 9, 0), (867530155, 11, 1), (867530155, 12, 1), (867530155, 13, 10), (867530155, 14, 10), (867530155, 15, 2), (867530155, 16, 8), (867530155, 18, 1), (867530155, 19, 2), (867530155, 33, 1), (867530155, 93, 3092), (867530155, 94, 16), (867530155, 106, 210), (867530155, 107, 50), (867530155, 108, 50), (867530155, 114, 1), (867530155, 150, 103), (867530155, 151, 2);
INSERT INTO `weenie_properties_bool` (`object_Id`, `type`, `value`) VALUES (867530155, 15, True), (867530155, 63, True);
INSERT INTO `weenie_properties_string` (`object_Id`, `type`, `value`) VALUES (867530155, 1, 'Penthouse Penthouse Recall Gem'), (867530155, 16, 'Use this gem to be teleported to the High QB Lounge.');
INSERT INTO `weenie_properties_d_i_d` (`object_Id`, `type`, `value`) VALUES (867530155, 1, 0x02000C79), (867530155, 3, 0x20000014), (867530155, 6, 0x04000BEF), (867530155, 7, 0x1000010B), (867530155, 8, 0x0600753F), (867530155, 22, 0x3400002B);
INSERT INTO `weenie_properties_emote` (`object_Id`, `category`, `probability`, `weenie_Class_Id`, `style`, `substyle`, `quest`, `vendor_Type`, `min_Health`, `max_Health`, `damage_type`) VALUES (867530155, 7, 1, NULL, NULL, NULL, NULL, NULL, NULL, NULL, NULL);
SET @emote_id_144853 = LAST_INSERT_ID();
INSERT INTO `weenie_properties_emote_action` (`emote_Id`, `order`, `type`, `delay`, `extent`, `motion`, `message`, `test_String`, `min`, `max`, `min_64`, `max_64`, `min_Dbl`, `max_Dbl`, `stat`, `display`, `amount`, `amount_64`, `hero_X_P_64`, `percent`, `spell_Id`, `wealth_Rating`, `treasure_Class`, `treasure_Type`, `p_Script`, `sound`, `destination_Type`, `weenie_Class_Id`, `stack_Size`, `palette`, `shade`, `try_To_Bond`, `obj_Cell_Id`, `origin_X`, `origin_Y`, `origin_Z`, `angles_W`, `angles_X`, `angles_Y`, `angles_Z`) VALUES (@emote_id_144853, 0, 99, 0, 1, NULL, NULL, NULL, NULL, NULL, NULL, NULL, NULL, NULL, 2, NULL, NULL, NULL, NULL, NULL, NULL, NULL, NULL, NULL, NULL, NULL, NULL, NULL, NULL, NULL, NULL, NULL, 0x61430112, 10.759, -0.022, 0.0045, 0.707107, 0, 0, -0.707107);

-- ==========================================================================
-- Gem WCID: 867530100
-- ==========================================================================
DELETE FROM `weenie` WHERE `class_Id` = 867530100;

INSERT INTO `weenie` (`class_Id`, `class_Name`, `type`, `last_Modified`) VALUES (867530100, 'Costco Recall Gem', 38, '2024-08-22 00:00:00');
INSERT INTO `weenie_properties_int` (`object_Id`, `type`, `value`) VALUES (867530100, 1, 2048), (867530100, 5, 10), (867530100, 11, 25), (867530100, 12, 1), (867530100, 13, 10), (867530100, 15, 500), (867530100, 16, 8), (867530100, 18, 1), (867530100, 19, 500), (867530100, 93, 3092), (867530100, 94, 16), (867530100, 106, 210), (867530100, 107, 50), (867530100, 108, 50), (867530100, 109, 0), (867530100, 110, 0), (867530100, 151, 2), (867530100, 267, 300), (867530100, 280, 1000);
INSERT INTO `weenie_properties_bool` (`object_Id`, `type`, `value`) VALUES (867530100, 11, True), (867530100, 13, True), (867530100, 14, True), (867530100, 15, True), (867530100, 19, True);
INSERT INTO `weenie_properties_string` (`object_Id`, `type`, `value`) VALUES (867530100, 1, 'Costco Recall Gem'), (867530100, 16, 'Welcome to Costco.');
INSERT INTO `weenie_properties_d_i_d` (`object_Id`, `type`, `value`) VALUES (867530100, 1, 0x02000C79), (867530100, 3, 0x20000014), (867530100, 6, 0x04000BEF), (867530100, 7, 0x1000010B), (867530100, 8, 0x0600753F), (867530100, 22, 0x3400002B);
INSERT INTO `weenie_properties_emote` (`object_Id`, `category`, `probability`, `weenie_Class_Id`, `style`, `substyle`, `quest`, `vendor_Type`, `min_Health`, `max_Health`, `damage_type`) VALUES (867530100, 7, 1, NULL, NULL, NULL, NULL, NULL, NULL, NULL, NULL);
SET @emote_id_139121 = LAST_INSERT_ID();
INSERT INTO `weenie_properties_emote_action` (`emote_Id`, `order`, `type`, `delay`, `extent`, `motion`, `message`, `test_String`, `min`, `max`, `min_64`, `max_64`, `min_Dbl`, `max_Dbl`, `stat`, `display`, `amount`, `amount_64`, `hero_X_P_64`, `percent`, `spell_Id`, `wealth_Rating`, `treasure_Class`, `treasure_Type`, `p_Script`, `sound`, `destination_Type`, `weenie_Class_Id`, `stack_Size`, `palette`, `shade`, `try_To_Bond`, `obj_Cell_Id`, `origin_X`, `origin_Y`, `origin_Z`, `angles_W`, `angles_X`, `angles_Y`, `angles_Z`) VALUES (@emote_id_139121, 0, 99, 0, 1, NULL, NULL, NULL, NULL, NULL, NULL, NULL, NULL, NULL, NULL, NULL, NULL, NULL, NULL, NULL, NULL, NULL, NULL, NULL, NULL, NULL, NULL, NULL, NULL, NULL, NULL, NULL, 0xEAEC0001, 13.0573, 18.2988, 0.0045, -0.011432, 0, 0, -0.999935);

-- ==========================================================================
-- Gem WCID: 64454319
-- ==========================================================================
DELETE FROM `weenie` WHERE `class_Id` = 64454319;

INSERT INTO `weenie` (`class_Id`, `class_Name`, `type`, `last_Modified`) VALUES (64454319, 'IgmosRetreatGem', 38, '2024-05-05 01:50:01');
INSERT INTO `weenie_properties_int` (`object_Id`, `type`, `value`) VALUES (64454319, 1, 2048), (64454319, 3, 82), (64454319, 5, 10), (64454319, 8, 10), (64454319, 9, 0), (64454319, 11, 1), (64454319, 12, 1), (64454319, 13, 10), (64454319, 14, 10), (64454319, 15, 275), (64454319, 16, 8), (64454319, 18, 1), (64454319, 19, 275), (64454319, 33, 1), (64454319, 93, 3092), (64454319, 94, 16), (64454319, 106, 210), (64454319, 107, 50), (64454319, 108, 50), (64454319, 114, 1);
INSERT INTO `weenie_properties_bool` (`object_Id`, `type`, `value`) VALUES (64454319, 15, True), (64454319, 22, True), (64454319, 63, True);
INSERT INTO `weenie_properties_string` (`object_Id`, `type`, `value`) VALUES (64454319, 1, 'Igmo''s Retreat Recall Gem'), (64454319, 16, 'Use this gem to be teleported to Igmo the Magus''s island.');
INSERT INTO `weenie_properties_d_i_d` (`object_Id`, `type`, `value`) VALUES (64454319, 1, 0x02000921), (64454319, 3, 0x20000014), (64454319, 6, 0x04000BEF), (64454319, 7, 0x1000010B), (64454319, 8, 0x06002027), (64454319, 22, 0x3400002B), (64454319, 50, 0x06002ABB);
INSERT INTO `weenie_properties_emote` (`object_Id`, `category`, `probability`, `weenie_Class_Id`, `style`, `substyle`, `quest`, `vendor_Type`, `min_Health`, `max_Health`, `damage_type`) VALUES (64454319, 7, 1, NULL, NULL, NULL, NULL, NULL, NULL, NULL, NULL);
SET @emote_id_177968 = LAST_INSERT_ID();
INSERT INTO `weenie_properties_emote_action` (`emote_Id`, `order`, `type`, `delay`, `extent`, `motion`, `message`, `test_String`, `min`, `max`, `min_64`, `max_64`, `min_Dbl`, `max_Dbl`, `stat`, `display`, `amount`, `amount_64`, `hero_X_P_64`, `percent`, `spell_Id`, `wealth_Rating`, `treasure_Class`, `treasure_Type`, `p_Script`, `sound`, `destination_Type`, `weenie_Class_Id`, `stack_Size`, `palette`, `shade`, `try_To_Bond`, `obj_Cell_Id`, `origin_X`, `origin_Y`, `origin_Z`, `angles_W`, `angles_X`, `angles_Y`, `angles_Z`) VALUES (@emote_id_177968, 0, 99, 0, 1, NULL, NULL, NULL, NULL, NULL, NULL, NULL, NULL, NULL, NULL, NULL, NULL, NULL, NULL, NULL, NULL, NULL, NULL, NULL, NULL, NULL, NULL, NULL, NULL, NULL, NULL, NULL, 0x77060038, 157.802, 179.903, 0.005, 0.938041, 0, 0, -0.346524);

-- ==========================================================================
-- Gem WCID: 98760065
-- ==========================================================================
DELETE FROM `weenie` WHERE `class_Id` = 98760065;

INSERT INTO `weenie` (`class_Id`, `class_Name`, `type`, `last_Modified`) VALUES (98760065, 'Fraternity of QB Recall Gem', 38, '2024-04-30 01:50:01');
INSERT INTO `weenie_properties_int` (`object_Id`, `type`, `value`) VALUES (98760065, 1, 2048), (98760065, 3, 82), (98760065, 5, 10), (98760065, 8, 10), (98760065, 9, 0), (98760065, 11, 1), (98760065, 12, 1), (98760065, 13, 10), (98760065, 14, 10), (98760065, 15, 10), (98760065, 16, 8), (98760065, 18, 1), (98760065, 19, 0), (98760065, 33, 1), (98760065, 93, 3092), (98760065, 94, 16), (98760065, 106, 210), (98760065, 107, 50), (98760065, 108, 50), (98760065, 114, 1), (98760065, 150, 103), (98760065, 151, 2);
INSERT INTO `weenie_properties_bool` (`object_Id`, `type`, `value`) VALUES (98760065, 15, True), (98760065, 63, True);
INSERT INTO `weenie_properties_string` (`object_Id`, `type`, `value`) VALUES (98760065, 1, 'Fraternity of QB Recall Gem'), (98760065, 16, 'Use this gem to be teleported to the Fraternity of QB ILT Chapter House.');
INSERT INTO `weenie_properties_d_i_d` (`object_Id`, `type`, `value`) VALUES (98760065, 1, 0x02000921), (98760065, 3, 0x20000014), (98760065, 6, 0x04000BEF), (98760065, 7, 0x1000010B), (98760065, 8, 0x060062DA), (98760065, 22, 0x3400002B), (98760065, 52, 0x060011CE);
INSERT INTO `weenie_properties_emote` (`object_Id`, `category`, `probability`, `weenie_Class_Id`, `style`, `substyle`, `quest`, `vendor_Type`, `min_Health`, `max_Health`, `damage_type`) VALUES (98760065, 7, 1, NULL, NULL, NULL, NULL, NULL, NULL, NULL, NULL);
SET @emote_id_206747 = LAST_INSERT_ID();
INSERT INTO `weenie_properties_emote_action` (`emote_Id`, `order`, `type`, `delay`, `extent`, `motion`, `message`, `test_String`, `min`, `max`, `min_64`, `max_64`, `min_Dbl`, `max_Dbl`, `stat`, `display`, `amount`, `amount_64`, `hero_X_P_64`, `percent`, `spell_Id`, `wealth_Rating`, `treasure_Class`, `treasure_Type`, `p_Script`, `sound`, `destination_Type`, `weenie_Class_Id`, `stack_Size`, `palette`, `shade`, `try_To_Bond`, `obj_Cell_Id`, `origin_X`, `origin_Y`, `origin_Z`, `angles_W`, `angles_X`, `angles_Y`, `angles_Z`) VALUES (@emote_id_206747, 0, 99, 0, 1, NULL, NULL, NULL, NULL, NULL, NULL, NULL, NULL, NULL, NULL, NULL, NULL, NULL, NULL, NULL, NULL, NULL, NULL, NULL, NULL, NULL, NULL, NULL, NULL, NULL, NULL, NULL, 0x584A0104, 3.93569, -40.1858, 0.005, 0.692405, 0, 0, -0.721509);

-- ==========================================================================
-- Gem WCID: 19851000
-- ==========================================================================
DELETE FROM `weenie` WHERE `class_Id` = 19851000;

INSERT INTO `weenie` (`class_Id`, `class_Name`, `type`, `last_Modified`) VALUES (19851000, 'Halls of Introduction Gem', 38, '2024-08-22 00:00:00');
INSERT INTO `weenie_properties_int` (`object_Id`, `type`, `value`) VALUES (19851000, 1, 2048), (19851000, 3, 82), (19851000, 5, 10), (19851000, 8, 10), (19851000, 9, 0), (19851000, 11, 1), (19851000, 12, 1), (19851000, 13, 10), (19851000, 14, 10), (19851000, 15, 2), (19851000, 16, 8), (19851000, 18, 1), (19851000, 19, 2), (19851000, 33, 1), (19851000, 93, 3092), (19851000, 94, 16), (19851000, 106, 210), (19851000, 107, 50), (19851000, 108, 50), (19851000, 114, 1), (19851000, 150, 103), (19851000, 151, 2);
INSERT INTO `weenie_properties_bool` (`object_Id`, `type`, `value`) VALUES (19851000, 15, True), (19851000, 63, True);
INSERT INTO `weenie_properties_string` (`object_Id`, `type`, `value`) VALUES (19851000, 1, 'Halls of Introduction Gem'), (19851000, 16, 'Use this gem to be teleported to the Halls of Introduction');
INSERT INTO `weenie_properties_d_i_d` (`object_Id`, `type`, `value`) VALUES (19851000, 1, 0x02000C79), (19851000, 3, 0x20000014), (19851000, 6, 0x04000BEF), (19851000, 7, 0x1000010B), (19851000, 8, 0x0600753F), (19851000, 22, 0x3400002B);
INSERT INTO `weenie_properties_emote` (`object_Id`, `category`, `probability`, `weenie_Class_Id`, `style`, `substyle`, `quest`, `vendor_Type`, `min_Health`, `max_Health`, `damage_type`) VALUES (19851000, 7, 1, NULL, NULL, NULL, NULL, NULL, NULL, NULL, NULL);
SET @emote_id_209051 = LAST_INSERT_ID();
INSERT INTO `weenie_properties_emote_action` (`emote_Id`, `order`, `type`, `delay`, `extent`, `motion`, `message`, `test_String`, `min`, `max`, `min_64`, `max_64`, `min_Dbl`, `max_Dbl`, `stat`, `display`, `amount`, `amount_64`, `hero_X_P_64`, `percent`, `spell_Id`, `wealth_Rating`, `treasure_Class`, `treasure_Type`, `p_Script`, `sound`, `destination_Type`, `weenie_Class_Id`, `stack_Size`, `palette`, `shade`, `try_To_Bond`, `obj_Cell_Id`, `origin_X`, `origin_Y`, `origin_Z`, `angles_W`, `angles_X`, `angles_Y`, `angles_Z`) VALUES (@emote_id_209051, 0, 99, 0, 1, NULL, NULL, NULL, NULL, NULL, NULL, NULL, NULL, NULL, 5, NULL, NULL, NULL, NULL, NULL, NULL, NULL, NULL, NULL, NULL, NULL, NULL, NULL, NULL, NULL, NULL, NULL, 0x012F0126, 30.0968, -60.1253, 6.005, 0.999868, 0, 0, 0.016236);

-- ==========================================================================
-- Gem WCID: 19860016
-- ==========================================================================
DELETE FROM `weenie` WHERE `class_Id` = 19860016;

INSERT INTO `weenie` (`class_Id`, `class_Name`, `type`, `last_Modified`) VALUES (19860016, 'Prestige Palace Gem', 38, '2026-04-23 11:43:40');
INSERT INTO `weenie_properties_int` (`object_Id`, `type`, `value`) VALUES (19860016, 1, 2048), (19860016, 3, 82), (19860016, 5, 10), (19860016, 8, 10), (19860016, 9, 0), (19860016, 11, 1), (19860016, 12, 1), (19860016, 13, 10), (19860016, 14, 10), (19860016, 15, 2), (19860016, 16, 8), (19860016, 18, 1), (19860016, 19, 2), (19860016, 33, 1), (19860016, 93, 3092), (19860016, 94, 16), (19860016, 106, 210), (19860016, 107, 50), (19860016, 108, 50), (19860016, 114, 1), (19860016, 150, 103), (19860016, 151, 2);
INSERT INTO `weenie_properties_bool` (`object_Id`, `type`, `value`) VALUES (19860016, 15, True), (19860016, 63, True);
INSERT INTO `weenie_properties_string` (`object_Id`, `type`, `value`) VALUES (19860016, 1, 'Prestige Palace Gem'), (19860016, 16, 'Use this gem to be teleported to the Prestige Palace');
INSERT INTO `weenie_properties_d_i_d` (`object_Id`, `type`, `value`) VALUES (19860016, 1, 0x02000C79), (19860016, 3, 0x20000014), (19860016, 6, 0x04000BEF), (19860016, 7, 0x1000010B), (19860016, 8, 0x060062AB), (19860016, 22, 0x3400002B), (19860016, 52, 0x060033C2);
INSERT INTO `weenie_properties_emote` (`object_Id`, `category`, `probability`, `weenie_Class_Id`, `style`, `substyle`, `quest`, `vendor_Type`, `min_Health`, `max_Health`, `damage_type`) VALUES (19860016, 7, 1, NULL, NULL, NULL, NULL, NULL, NULL, NULL, NULL);
SET @emote_id_223285 = LAST_INSERT_ID();
INSERT INTO `weenie_properties_emote_action` (`emote_Id`, `order`, `type`, `delay`, `extent`, `motion`, `message`, `test_String`, `min`, `max`, `min_64`, `max_64`, `min_Dbl`, `max_Dbl`, `stat`, `display`, `amount`, `amount_64`, `hero_X_P_64`, `percent`, `spell_Id`, `wealth_Rating`, `treasure_Class`, `treasure_Type`, `p_Script`, `sound`, `destination_Type`, `weenie_Class_Id`, `stack_Size`, `palette`, `shade`, `try_To_Bond`, `obj_Cell_Id`, `origin_X`, `origin_Y`, `origin_Z`, `angles_W`, `angles_X`, `angles_Y`, `angles_Z`) VALUES (@emote_id_223285, 0, 99, 0, 1, NULL, NULL, NULL, NULL, NULL, NULL, NULL, NULL, NULL, 2, NULL, NULL, NULL, NULL, NULL, NULL, NULL, NULL, NULL, NULL, NULL, NULL, NULL, NULL, NULL, NULL, NULL, 0x57560169, 110.001, -79.9526, 0.006, -0.999996, 0, 0, -0.002774);

-- ==========================================================================
-- Gem WCID: 500008972
-- ==========================================================================
DELETE FROM `weenie` WHERE `class_Id` = 500008972;

INSERT INTO `weenie` (`class_Id`, `class_Name`, `type`, `last_Modified`) VALUES (500008972, 'ace500008972-PlateauofAgility', 38, '2024-04-30 01:50:01');
INSERT INTO `weenie_properties_int` (`object_Id`, `type`, `value`) VALUES (500008972, 1, 2048), (500008972, 3, 82), (500008972, 5, 10), (500008972, 8, 10), (500008972, 9, 0), (500008972, 11, 1), (500008972, 12, 1), (500008972, 13, 10), (500008972, 14, 10), (500008972, 15, 10), (500008972, 16, 8), (500008972, 18, 1), (500008972, 19, 0), (500008972, 33, 1), (500008972, 93, 3092), (500008972, 94, 16), (500008972, 106, 210), (500008972, 107, 50), (500008972, 108, 50), (500008972, 114, 1), (500008972, 150, 103), (500008972, 151, 2);
INSERT INTO `weenie_properties_bool` (`object_Id`, `type`, `value`) VALUES (500008972, 15, True), (500008972, 63, True);
INSERT INTO `weenie_properties_string` (`object_Id`, `type`, `value`) VALUES (500008972, 1, 'Plateau of Agility Gem'), (500008972, 16, 'Use this gem to be teleported to the Plateau of Agility.');
INSERT INTO `weenie_properties_d_i_d` (`object_Id`, `type`, `value`) VALUES (500008972, 1, 0x02000921), (500008972, 3, 0x20000014), (500008972, 6, 0x04000BEF), (500008972, 7, 0x1000010B), (500008972, 8, 0x060030B0), (500008972, 22, 0x3400002B);
INSERT INTO `weenie_properties_emote` (`object_Id`, `category`, `probability`, `weenie_Class_Id`, `style`, `substyle`, `quest`, `vendor_Type`, `min_Health`, `max_Health`, `damage_type`) VALUES (500008972, 7, 1, NULL, NULL, NULL, NULL, NULL, NULL, NULL, NULL);
SET @emote_id_119431 = LAST_INSERT_ID();
INSERT INTO `weenie_properties_emote_action` (`emote_Id`, `order`, `type`, `delay`, `extent`, `motion`, `message`, `test_String`, `min`, `max`, `min_64`, `max_64`, `min_Dbl`, `max_Dbl`, `stat`, `display`, `amount`, `amount_64`, `hero_X_P_64`, `percent`, `spell_Id`, `wealth_Rating`, `treasure_Class`, `treasure_Type`, `p_Script`, `sound`, `destination_Type`, `weenie_Class_Id`, `stack_Size`, `palette`, `shade`, `try_To_Bond`, `obj_Cell_Id`, `origin_X`, `origin_Y`, `origin_Z`, `angles_W`, `angles_X`, `angles_Y`, `angles_Z`) VALUES (@emote_id_119431, 0, 99, 0, 1, NULL, NULL, NULL, NULL, NULL, NULL, NULL, NULL, NULL, NULL, NULL, NULL, NULL, NULL, NULL, NULL, NULL, NULL, NULL, NULL, NULL, NULL, NULL, NULL, NULL, NULL, NULL, 0x74150040, 169.018, 168.919, 248.002, 0.919364, 0, 0, -0.393408);

-- ==========================================================================
-- Gem WCID: 300101097
-- ==========================================================================
DELETE FROM `weenie` WHERE `class_Id` = 300101097;

INSERT INTO `weenie` (`class_Id`, `class_Name`, `type`, `last_Modified`) VALUES (300101097, 't10admingem', 38, '2024-05-05 01:50:01');
INSERT INTO `weenie_properties_int` (`object_Id`, `type`, `value`) VALUES (300101097, 1, 2048), (300101097, 3, 82), (300101097, 5, 10), (300101097, 8, 10), (300101097, 9, 0), (300101097, 11, 1), (300101097, 12, 1), (300101097, 13, 10), (300101097, 14, 10), (300101097, 15, 10), (300101097, 16, 8), (300101097, 18, 1), (300101097, 19, 100), (300101097, 33, 1), (300101097, 93, 3092), (300101097, 94, 16), (300101097, 106, 210), (300101097, 107, 50), (300101097, 108, 50), (300101097, 114, 1), (300101097, 150, 103), (300101097, 151, 2);
INSERT INTO `weenie_properties_bool` (`object_Id`, `type`, `value`) VALUES (300101097, 15, True), (300101097, 63, True);
INSERT INTO `weenie_properties_string` (`object_Id`, `type`, `value`) VALUES (300101097, 1, 'Admin Bog Gem'), (300101097, 16, 'Use this gem to be teleported to the Thaelaryn Lassel Bog.');
INSERT INTO `weenie_properties_d_i_d` (`object_Id`, `type`, `value`) VALUES (300101097, 1, 0x02000921), (300101097, 3, 0x20000014), (300101097, 6, 0x04000BEF), (300101097, 7, 0x1000010B), (300101097, 8, 0x0600140B), (300101097, 22, 0x3400002B), (300101097, 52, 0x06006700);
INSERT INTO `weenie_properties_emote` (`object_Id`, `category`, `probability`, `weenie_Class_Id`, `style`, `substyle`, `quest`, `vendor_Type`, `min_Health`, `max_Health`, `damage_type`) VALUES (300101097, 7, 1, NULL, NULL, NULL, NULL, NULL, NULL, NULL, NULL);
SET @emote_id_172958 = LAST_INSERT_ID();
INSERT INTO `weenie_properties_emote_action` (`emote_Id`, `order`, `type`, `delay`, `extent`, `motion`, `message`, `test_String`, `min`, `max`, `min_64`, `max_64`, `min_Dbl`, `max_Dbl`, `stat`, `display`, `amount`, `amount_64`, `hero_X_P_64`, `percent`, `spell_Id`, `wealth_Rating`, `treasure_Class`, `treasure_Type`, `p_Script`, `sound`, `destination_Type`, `weenie_Class_Id`, `stack_Size`, `palette`, `shade`, `try_To_Bond`, `obj_Cell_Id`, `origin_X`, `origin_Y`, `origin_Z`, `angles_W`, `angles_X`, `angles_Y`, `angles_Z`) VALUES (@emote_id_172958, 0, 99, 0, 1, NULL, NULL, NULL, NULL, NULL, NULL, NULL, NULL, NULL, NULL, NULL, NULL, NULL, NULL, NULL, NULL, NULL, NULL, NULL, NULL, NULL, NULL, NULL, NULL, NULL, NULL, NULL, 0xF966000A, 37.2695, 38.3226, 2.68614, -0.391496, 0, 0, 0.92018);

-- ==========================================================================
-- Gem WCID: 227190148
-- ==========================================================================
DELETE FROM `weenie` WHERE `class_Id` = 227190148;

INSERT INTO `weenie` (`class_Id`, `class_Name`, `type`, `last_Modified`) VALUES (227190148, '227190148AlphusCourtRecallGem', 38, '2024-08-22 00:00:00');
INSERT INTO `weenie_properties_int` (`object_Id`, `type`, `value`) VALUES (227190148, 1, 2048), (227190148, 3, 8), (227190148, 5, 10), (227190148, 8, 10), (227190148, 9, 0), (227190148, 11, 1), (227190148, 12, 1), (227190148, 13, 10), (227190148, 14, 10), (227190148, 15, 50), (227190148, 16, 8), (227190148, 18, 1), (227190148, 19, 50), (227190148, 33, 1), (227190148, 93, 3092), (227190148, 94, 16), (227190148, 106, 210), (227190148, 107, 50), (227190148, 108, 50), (227190148, 114, 1), (227190148, 150, 103), (227190148, 151, 2);
INSERT INTO `weenie_properties_bool` (`object_Id`, `type`, `value`) VALUES (227190148, 15, True), (227190148, 63, True);
INSERT INTO `weenie_properties_string` (`object_Id`, `type`, `value`) VALUES (227190148, 1, 'Alphus Court Recall Gem'), (227190148, 16, 'Use this gem to be teleported to the Alphus Court Residence Halls.');
INSERT INTO `weenie_properties_d_i_d` (`object_Id`, `type`, `value`) VALUES (227190148, 1, 0x02000C79), (227190148, 3, 0x20000014), (227190148, 6, 0x04000BEF), (227190148, 7, 0x1000010B), (227190148, 8, 0x060013CA), (227190148, 22, 0x3400002B);
INSERT INTO `weenie_properties_emote` (`object_Id`, `category`, `probability`, `weenie_Class_Id`, `style`, `substyle`, `quest`, `vendor_Type`, `min_Health`, `max_Health`, `damage_type`) VALUES (227190148, 7, 1, NULL, NULL, NULL, NULL, NULL, NULL, NULL, NULL);
SET @emote_id_185899 = LAST_INSERT_ID();
INSERT INTO `weenie_properties_emote_action` (`emote_Id`, `order`, `type`, `delay`, `extent`, `motion`, `message`, `test_String`, `min`, `max`, `min_64`, `max_64`, `min_Dbl`, `max_Dbl`, `stat`, `display`, `amount`, `amount_64`, `hero_X_P_64`, `percent`, `spell_Id`, `wealth_Rating`, `treasure_Class`, `treasure_Type`, `p_Script`, `sound`, `destination_Type`, `weenie_Class_Id`, `stack_Size`, `palette`, `shade`, `try_To_Bond`, `obj_Cell_Id`, `origin_X`, `origin_Y`, `origin_Z`, `angles_W`, `angles_X`, `angles_Y`, `angles_Z`) VALUES (@emote_id_185899, 0, 99, 0, 1, NULL, NULL, NULL, NULL, NULL, NULL, NULL, NULL, NULL, NULL, NULL, NULL, NULL, NULL, NULL, NULL, NULL, NULL, NULL, NULL, NULL, NULL, NULL, NULL, NULL, NULL, NULL, 0x7A000161, 83.74, -93.75, 0.005, 0.39314, 0, 0, -0.919479);

-- ==========================================================================
-- Gem WCID: 227190149
-- ==========================================================================
DELETE FROM `weenie` WHERE `class_Id` = 227190149;

INSERT INTO `weenie` (`class_Id`, `class_Name`, `type`, `last_Modified`) VALUES (227190149, '227190149GajinDwellingsRecallGem', 38, '2024-08-22 00:00:00');
INSERT INTO `weenie_properties_int` (`object_Id`, `type`, `value`) VALUES (227190149, 1, 2048), (227190149, 3, 8), (227190149, 5, 10), (227190149, 8, 10), (227190149, 9, 0), (227190149, 11, 1), (227190149, 12, 1), (227190149, 13, 10), (227190149, 14, 10), (227190149, 15, 50), (227190149, 16, 8), (227190149, 18, 1), (227190149, 19, 50), (227190149, 33, 1), (227190149, 93, 3092), (227190149, 94, 16), (227190149, 106, 210), (227190149, 107, 50), (227190149, 108, 50), (227190149, 114, 1), (227190149, 150, 103), (227190149, 151, 2);
INSERT INTO `weenie_properties_bool` (`object_Id`, `type`, `value`) VALUES (227190149, 15, True), (227190149, 63, True);
INSERT INTO `weenie_properties_string` (`object_Id`, `type`, `value`) VALUES (227190149, 1, 'Gajin Dwellings Recall Gem'), (227190149, 16, 'Use this gem to be teleported to the Gajin Dwellings Residence Halls.');
INSERT INTO `weenie_properties_d_i_d` (`object_Id`, `type`, `value`) VALUES (227190149, 1, 0x02000C79), (227190149, 3, 0x20000014), (227190149, 6, 0x04000BEF), (227190149, 7, 0x1000010B), (227190149, 8, 0x060013CA), (227190149, 22, 0x3400002B);
INSERT INTO `weenie_properties_emote` (`object_Id`, `category`, `probability`, `weenie_Class_Id`, `style`, `substyle`, `quest`, `vendor_Type`, `min_Health`, `max_Health`, `damage_type`) VALUES (227190149, 7, 1, NULL, NULL, NULL, NULL, NULL, NULL, NULL, NULL);
SET @emote_id_185898 = LAST_INSERT_ID();
INSERT INTO `weenie_properties_emote_action` (`emote_Id`, `order`, `type`, `delay`, `extent`, `motion`, `message`, `test_String`, `min`, `max`, `min_64`, `max_64`, `min_Dbl`, `max_Dbl`, `stat`, `display`, `amount`, `amount_64`, `hero_X_P_64`, `percent`, `spell_Id`, `wealth_Rating`, `treasure_Class`, `treasure_Type`, `p_Script`, `sound`, `destination_Type`, `weenie_Class_Id`, `stack_Size`, `palette`, `shade`, `try_To_Bond`, `obj_Cell_Id`, `origin_X`, `origin_Y`, `origin_Z`, `angles_W`, `angles_X`, `angles_Y`, `angles_Z`) VALUES (@emote_id_185898, 0, 99, 0, 1, NULL, NULL, NULL, NULL, NULL, NULL, NULL, NULL, NULL, NULL, NULL, NULL, NULL, NULL, NULL, NULL, NULL, NULL, NULL, NULL, NULL, NULL, NULL, NULL, NULL, NULL, NULL, 0x76000161, 83.74, -93.75, 0.005, 0.39314, 0, 0, -0.919479);

-- ==========================================================================
-- Gem WCID: 227190154
-- ==========================================================================
DELETE FROM `weenie` WHERE `class_Id` = 227190154;

INSERT INTO `weenie` (`class_Id`, `class_Name`, `type`, `last_Modified`) VALUES (227190154, '227190154HasinaRecallGem', 38, '2024-08-22 00:00:00');
INSERT INTO `weenie_properties_int` (`object_Id`, `type`, `value`) VALUES (227190154, 1, 2048), (227190154, 3, 8), (227190154, 5, 10), (227190154, 8, 10), (227190154, 9, 0), (227190154, 11, 1), (227190154, 12, 1), (227190154, 13, 10), (227190154, 14, 10), (227190154, 15, 50), (227190154, 16, 8), (227190154, 18, 1), (227190154, 19, 50), (227190154, 33, 1), (227190154, 93, 3092), (227190154, 94, 16), (227190154, 106, 210), (227190154, 107, 50), (227190154, 108, 50), (227190154, 114, 1), (227190154, 150, 103), (227190154, 151, 2);
INSERT INTO `weenie_properties_bool` (`object_Id`, `type`, `value`) VALUES (227190154, 15, True), (227190154, 63, True);
INSERT INTO `weenie_properties_string` (`object_Id`, `type`, `value`) VALUES (227190154, 1, 'Hasina Gardens Recall Gem'), (227190154, 16, 'Use this gem to be teleported to the Hasina Gardens Residence Halls.');
INSERT INTO `weenie_properties_d_i_d` (`object_Id`, `type`, `value`) VALUES (227190154, 1, 0x02000C79), (227190154, 3, 0x20000014), (227190154, 6, 0x04000BEF), (227190154, 7, 0x1000010B), (227190154, 8, 0x060013CA), (227190154, 22, 0x3400002B);
INSERT INTO `weenie_properties_emote` (`object_Id`, `category`, `probability`, `weenie_Class_Id`, `style`, `substyle`, `quest`, `vendor_Type`, `min_Health`, `max_Health`, `damage_type`) VALUES (227190154, 7, 1, NULL, NULL, NULL, NULL, NULL, NULL, NULL, NULL);
SET @emote_id_185893 = LAST_INSERT_ID();
INSERT INTO `weenie_properties_emote_action` (`emote_Id`, `order`, `type`, `delay`, `extent`, `motion`, `message`, `test_String`, `min`, `max`, `min_64`, `max_64`, `min_Dbl`, `max_Dbl`, `stat`, `display`, `amount`, `amount_64`, `hero_X_P_64`, `percent`, `spell_Id`, `wealth_Rating`, `treasure_Class`, `treasure_Type`, `p_Script`, `sound`, `destination_Type`, `weenie_Class_Id`, `stack_Size`, `palette`, `shade`, `try_To_Bond`, `obj_Cell_Id`, `origin_X`, `origin_Y`, `origin_Z`, `angles_W`, `angles_X`, `angles_Y`, `angles_Z`) VALUES (@emote_id_185893, 0, 99, 0, 1, NULL, NULL, NULL, NULL, NULL, NULL, NULL, NULL, NULL, NULL, NULL, NULL, NULL, NULL, NULL, NULL, NULL, NULL, NULL, NULL, NULL, NULL, NULL, NULL, NULL, NULL, NULL, 0x7B000161, 83.74, -93.75, 0.005, 0.39314, 0, 0, -0.919479);

-- ==========================================================================
-- Gem WCID: 227190150
-- ==========================================================================
DELETE FROM `weenie` WHERE `class_Id` = 227190150;

INSERT INTO `weenie` (`class_Id`, `class_Name`, `type`, `last_Modified`) VALUES (227190150, '227190150HeartlandYardRecallGem', 38, '2024-08-22 00:00:00');
INSERT INTO `weenie_properties_int` (`object_Id`, `type`, `value`) VALUES (227190150, 1, 2048), (227190150, 3, 8), (227190150, 5, 10), (227190150, 8, 10), (227190150, 9, 0), (227190150, 11, 1), (227190150, 12, 1), (227190150, 13, 10), (227190150, 14, 10), (227190150, 15, 50), (227190150, 16, 8), (227190150, 18, 1), (227190150, 19, 50), (227190150, 33, 1), (227190150, 93, 3092), (227190150, 94, 16), (227190150, 106, 210), (227190150, 107, 50), (227190150, 108, 50), (227190150, 114, 1), (227190150, 150, 103), (227190150, 151, 2);
INSERT INTO `weenie_properties_bool` (`object_Id`, `type`, `value`) VALUES (227190150, 15, True), (227190150, 63, True);
INSERT INTO `weenie_properties_string` (`object_Id`, `type`, `value`) VALUES (227190150, 1, 'Heartland Yard Recall Gem'), (227190150, 16, 'Use this gem to be teleported to the Heartland Yard Residence Halls.');
INSERT INTO `weenie_properties_d_i_d` (`object_Id`, `type`, `value`) VALUES (227190150, 1, 0x02000C79), (227190150, 3, 0x20000014), (227190150, 6, 0x04000BEF), (227190150, 7, 0x1000010B), (227190150, 8, 0x060013CA), (227190150, 22, 0x3400002B);
INSERT INTO `weenie_properties_emote` (`object_Id`, `category`, `probability`, `weenie_Class_Id`, `style`, `substyle`, `quest`, `vendor_Type`, `min_Health`, `max_Health`, `damage_type`) VALUES (227190150, 7, 1, NULL, NULL, NULL, NULL, NULL, NULL, NULL, NULL);
SET @emote_id_185897 = LAST_INSERT_ID();
INSERT INTO `weenie_properties_emote_action` (`emote_Id`, `order`, `type`, `delay`, `extent`, `motion`, `message`, `test_String`, `min`, `max`, `min_64`, `max_64`, `min_Dbl`, `max_Dbl`, `stat`, `display`, `amount`, `amount_64`, `hero_X_P_64`, `percent`, `spell_Id`, `wealth_Rating`, `treasure_Class`, `treasure_Type`, `p_Script`, `sound`, `destination_Type`, `weenie_Class_Id`, `stack_Size`, `palette`, `shade`, `try_To_Bond`, `obj_Cell_Id`, `origin_X`, `origin_Y`, `origin_Z`, `angles_W`, `angles_X`, `angles_Y`, `angles_Z`) VALUES (@emote_id_185897, 0, 99, 0, 1, NULL, NULL, NULL, NULL, NULL, NULL, NULL, NULL, NULL, NULL, NULL, NULL, NULL, NULL, NULL, NULL, NULL, NULL, NULL, NULL, NULL, NULL, NULL, NULL, NULL, NULL, NULL, 0x78000161, 83.74, -93.75, 0.005, 0.39314, 0, 0, -0.919479);

-- ==========================================================================
-- Gem WCID: 227190151
-- ==========================================================================
DELETE FROM `weenie` WHERE `class_Id` = 227190151;

INSERT INTO `weenie` (`class_Id`, `class_Name`, `type`, `last_Modified`) VALUES (227190151, '227190151IvoryGateRecallGem', 38, '2024-08-22 00:00:00');
INSERT INTO `weenie_properties_int` (`object_Id`, `type`, `value`) VALUES (227190151, 1, 2048), (227190151, 3, 8), (227190151, 5, 10), (227190151, 8, 10), (227190151, 9, 0), (227190151, 11, 1), (227190151, 12, 1), (227190151, 13, 10), (227190151, 14, 10), (227190151, 15, 50), (227190151, 16, 8), (227190151, 18, 1), (227190151, 19, 50), (227190151, 33, 1), (227190151, 93, 3092), (227190151, 94, 16), (227190151, 106, 210), (227190151, 107, 50), (227190151, 108, 50), (227190151, 114, 1), (227190151, 150, 103), (227190151, 151, 2);
INSERT INTO `weenie_properties_bool` (`object_Id`, `type`, `value`) VALUES (227190151, 15, True), (227190151, 63, True);
INSERT INTO `weenie_properties_string` (`object_Id`, `type`, `value`) VALUES (227190151, 1, 'Ivory Gate Recall Gem'), (227190151, 16, 'Use this gem to be teleported to the Ivory Gate Residence Halls.');
INSERT INTO `weenie_properties_d_i_d` (`object_Id`, `type`, `value`) VALUES (227190151, 1, 0x02000C79), (227190151, 3, 0x20000014), (227190151, 6, 0x04000BEF), (227190151, 7, 0x1000010B), (227190151, 8, 0x060013CA), (227190151, 22, 0x3400002B);
INSERT INTO `weenie_properties_emote` (`object_Id`, `category`, `probability`, `weenie_Class_Id`, `style`, `substyle`, `quest`, `vendor_Type`, `min_Health`, `max_Health`, `damage_type`) VALUES (227190151, 7, 1, NULL, NULL, NULL, NULL, NULL, NULL, NULL, NULL);
SET @emote_id_185896 = LAST_INSERT_ID();
INSERT INTO `weenie_properties_emote_action` (`emote_Id`, `order`, `type`, `delay`, `extent`, `motion`, `message`, `test_String`, `min`, `max`, `min_64`, `max_64`, `min_Dbl`, `max_Dbl`, `stat`, `display`, `amount`, `amount_64`, `hero_X_P_64`, `percent`, `spell_Id`, `wealth_Rating`, `treasure_Class`, `treasure_Type`, `p_Script`, `sound`, `destination_Type`, `weenie_Class_Id`, `stack_Size`, `palette`, `shade`, `try_To_Bond`, `obj_Cell_Id`, `origin_X`, `origin_Y`, `origin_Z`, `angles_W`, `angles_X`, `angles_Y`, `angles_Z`) VALUES (@emote_id_185896, 0, 99, 0, 1, NULL, NULL, NULL, NULL, NULL, NULL, NULL, NULL, NULL, NULL, NULL, NULL, NULL, NULL, NULL, NULL, NULL, NULL, NULL, NULL, NULL, NULL, NULL, NULL, NULL, NULL, NULL, 0x79000161, 83.74, -93.75, 0.005, 0.39314, 0, 0, -0.919479);

-- ==========================================================================
-- Gem WCID: 227190152
-- ==========================================================================
DELETE FROM `weenie` WHERE `class_Id` = 227190152;

INSERT INTO `weenie` (`class_Id`, `class_Name`, `type`, `last_Modified`) VALUES (227190152, '227190152LakespurRecallGem', 38, '2024-08-22 00:00:00');
INSERT INTO `weenie_properties_int` (`object_Id`, `type`, `value`) VALUES (227190152, 1, 2048), (227190152, 3, 8), (227190152, 5, 10), (227190152, 8, 10), (227190152, 9, 0), (227190152, 11, 1), (227190152, 12, 1), (227190152, 13, 10), (227190152, 14, 10), (227190152, 15, 50), (227190152, 16, 8), (227190152, 18, 1), (227190152, 19, 50), (227190152, 33, 1), (227190152, 93, 3092), (227190152, 94, 16), (227190152, 106, 210), (227190152, 107, 50), (227190152, 108, 50), (227190152, 114, 1), (227190152, 150, 103), (227190152, 151, 2);
INSERT INTO `weenie_properties_bool` (`object_Id`, `type`, `value`) VALUES (227190152, 15, True), (227190152, 63, True);
INSERT INTO `weenie_properties_string` (`object_Id`, `type`, `value`) VALUES (227190152, 1, 'Lakespur Gardens Recall Gem'), (227190152, 16, 'Use this gem to be teleported to the Lakespur Gardens Residence Halls.');
INSERT INTO `weenie_properties_d_i_d` (`object_Id`, `type`, `value`) VALUES (227190152, 1, 0x02000C79), (227190152, 3, 0x20000014), (227190152, 6, 0x04000BEF), (227190152, 7, 0x1000010B), (227190152, 8, 0x060013CA), (227190152, 22, 0x3400002B);
INSERT INTO `weenie_properties_emote` (`object_Id`, `category`, `probability`, `weenie_Class_Id`, `style`, `substyle`, `quest`, `vendor_Type`, `min_Health`, `max_Health`, `damage_type`) VALUES (227190152, 7, 1, NULL, NULL, NULL, NULL, NULL, NULL, NULL, NULL);
SET @emote_id_185895 = LAST_INSERT_ID();
INSERT INTO `weenie_properties_emote_action` (`emote_Id`, `order`, `type`, `delay`, `extent`, `motion`, `message`, `test_String`, `min`, `max`, `min_64`, `max_64`, `min_Dbl`, `max_Dbl`, `stat`, `display`, `amount`, `amount_64`, `hero_X_P_64`, `percent`, `spell_Id`, `wealth_Rating`, `treasure_Class`, `treasure_Type`, `p_Script`, `sound`, `destination_Type`, `weenie_Class_Id`, `stack_Size`, `palette`, `shade`, `try_To_Bond`, `obj_Cell_Id`, `origin_X`, `origin_Y`, `origin_Z`, `angles_W`, `angles_X`, `angles_Y`, `angles_Z`) VALUES (@emote_id_185895, 0, 99, 0, 1, NULL, NULL, NULL, NULL, NULL, NULL, NULL, NULL, NULL, NULL, NULL, NULL, NULL, NULL, NULL, NULL, NULL, NULL, NULL, NULL, NULL, NULL, NULL, NULL, NULL, NULL, NULL, 0x73000161, 83.74, -93.75, 0.005, 0.39314, 0, 0, -0.919479);

-- ==========================================================================
-- Gem WCID: 227190153
-- ==========================================================================
DELETE FROM `weenie` WHERE `class_Id` = 227190153;

INSERT INTO `weenie` (`class_Id`, `class_Name`, `type`, `last_Modified`) VALUES (227190153, '227190153MellasRecallGem', 38, '2024-08-22 00:00:00');
INSERT INTO `weenie_properties_int` (`object_Id`, `type`, `value`) VALUES (227190153, 1, 2048), (227190153, 3, 8), (227190153, 5, 10), (227190153, 8, 10), (227190153, 9, 0), (227190153, 11, 1), (227190153, 12, 1), (227190153, 13, 10), (227190153, 14, 10), (227190153, 15, 50), (227190153, 16, 8), (227190153, 18, 1), (227190153, 19, 50), (227190153, 33, 1), (227190153, 93, 3092), (227190153, 94, 16), (227190153, 106, 210), (227190153, 107, 50), (227190153, 108, 50), (227190153, 114, 1), (227190153, 150, 103), (227190153, 151, 2);
INSERT INTO `weenie_properties_bool` (`object_Id`, `type`, `value`) VALUES (227190153, 15, True), (227190153, 63, True);
INSERT INTO `weenie_properties_string` (`object_Id`, `type`, `value`) VALUES (227190153, 1, 'Mellas Court Recall Gem'), (227190153, 16, 'Use this gem to be teleported to the Mellas Court Residence Halls.');
INSERT INTO `weenie_properties_d_i_d` (`object_Id`, `type`, `value`) VALUES (227190153, 1, 0x02000C79), (227190153, 3, 0x20000014), (227190153, 6, 0x04000BEF), (227190153, 7, 0x1000010B), (227190153, 8, 0x060013CA), (227190153, 22, 0x3400002B);
INSERT INTO `weenie_properties_emote` (`object_Id`, `category`, `probability`, `weenie_Class_Id`, `style`, `substyle`, `quest`, `vendor_Type`, `min_Health`, `max_Health`, `damage_type`) VALUES (227190153, 7, 1, NULL, NULL, NULL, NULL, NULL, NULL, NULL, NULL);
SET @emote_id_185894 = LAST_INSERT_ID();
INSERT INTO `weenie_properties_emote_action` (`emote_Id`, `order`, `type`, `delay`, `extent`, `motion`, `message`, `test_String`, `min`, `max`, `min_64`, `max_64`, `min_Dbl`, `max_Dbl`, `stat`, `display`, `amount`, `amount_64`, `hero_X_P_64`, `percent`, `spell_Id`, `wealth_Rating`, `treasure_Class`, `treasure_Type`, `p_Script`, `sound`, `destination_Type`, `weenie_Class_Id`, `stack_Size`, `palette`, `shade`, `try_To_Bond`, `obj_Cell_Id`, `origin_X`, `origin_Y`, `origin_Z`, `angles_W`, `angles_X`, `angles_Y`, `angles_Z`) VALUES (@emote_id_185894, 0, 99, 0, 1, NULL, NULL, NULL, NULL, NULL, NULL, NULL, NULL, NULL, NULL, NULL, NULL, NULL, NULL, NULL, NULL, NULL, NULL, NULL, NULL, NULL, NULL, NULL, NULL, NULL, NULL, NULL, 0x74000161, 83.74, -93.75, 0.005, 0.39314, 0, 0, -0.919479);

-- ==========================================================================
-- Gem WCID: 227190155
-- ==========================================================================
DELETE FROM `weenie` WHERE `class_Id` = 227190155;

INSERT INTO `weenie` (`class_Id`, `class_Name`, `type`, `last_Modified`) VALUES (227190155, '227190155ValoryaRecallGem', 38, '2024-08-22 00:00:00');
INSERT INTO `weenie_properties_int` (`object_Id`, `type`, `value`) VALUES (227190155, 1, 2048), (227190155, 3, 8), (227190155, 5, 10), (227190155, 8, 10), (227190155, 9, 0), (227190155, 11, 1), (227190155, 12, 1), (227190155, 13, 10), (227190155, 14, 10), (227190155, 15, 50), (227190155, 16, 8), (227190155, 18, 1), (227190155, 19, 50), (227190155, 33, 1), (227190155, 93, 3092), (227190155, 94, 16), (227190155, 106, 210), (227190155, 107, 50), (227190155, 108, 50), (227190155, 114, 1), (227190155, 150, 103), (227190155, 151, 2);
INSERT INTO `weenie_properties_bool` (`object_Id`, `type`, `value`) VALUES (227190155, 15, True), (227190155, 63, True);
INSERT INTO `weenie_properties_string` (`object_Id`, `type`, `value`) VALUES (227190155, 1, 'Valorya Gate Recall Gem'), (227190155, 16, 'Use this gem to be teleported to the Valorya Gate Residence Halls.');
INSERT INTO `weenie_properties_d_i_d` (`object_Id`, `type`, `value`) VALUES (227190155, 1, 0x02000C79), (227190155, 3, 0x20000014), (227190155, 6, 0x04000BEF), (227190155, 7, 0x1000010B), (227190155, 8, 0x060013CA), (227190155, 22, 0x3400002B);
INSERT INTO `weenie_properties_emote` (`object_Id`, `category`, `probability`, `weenie_Class_Id`, `style`, `substyle`, `quest`, `vendor_Type`, `min_Health`, `max_Health`, `damage_type`) VALUES (227190155, 7, 1, NULL, NULL, NULL, NULL, NULL, NULL, NULL, NULL);
SET @emote_id_185892 = LAST_INSERT_ID();
INSERT INTO `weenie_properties_emote_action` (`emote_Id`, `order`, `type`, `delay`, `extent`, `motion`, `message`, `test_String`, `min`, `max`, `min_64`, `max_64`, `min_Dbl`, `max_Dbl`, `stat`, `display`, `amount`, `amount_64`, `hero_X_P_64`, `percent`, `spell_Id`, `wealth_Rating`, `treasure_Class`, `treasure_Type`, `p_Script`, `sound`, `destination_Type`, `weenie_Class_Id`, `stack_Size`, `palette`, `shade`, `try_To_Bond`, `obj_Cell_Id`, `origin_X`, `origin_Y`, `origin_Z`, `angles_W`, `angles_X`, `angles_Y`, `angles_Z`) VALUES (@emote_id_185892, 0, 99, 0, 1, NULL, NULL, NULL, NULL, NULL, NULL, NULL, NULL, NULL, NULL, NULL, NULL, NULL, NULL, NULL, NULL, NULL, NULL, NULL, NULL, NULL, NULL, NULL, NULL, NULL, NULL, NULL, 0x77000161, 83.74, -93.75, 0.005, 0.39314, 0, 0, -0.919479);

-- ==========================================================================
-- Gem WCID: 227190156
-- ==========================================================================
DELETE FROM `weenie` WHERE `class_Id` = 227190156;

INSERT INTO `weenie` (`class_Id`, `class_Name`, `type`, `last_Modified`) VALUES (227190156, '227190156VesperRecallGem', 38, '2024-08-22 00:00:00');
INSERT INTO `weenie_properties_int` (`object_Id`, `type`, `value`) VALUES (227190156, 1, 2048), (227190156, 3, 8), (227190156, 5, 10), (227190156, 8, 10), (227190156, 9, 0), (227190156, 11, 1), (227190156, 12, 1), (227190156, 13, 10), (227190156, 14, 10), (227190156, 15, 50), (227190156, 16, 8), (227190156, 18, 1), (227190156, 19, 50), (227190156, 33, 1), (227190156, 93, 3092), (227190156, 94, 16), (227190156, 106, 210), (227190156, 107, 50), (227190156, 108, 50), (227190156, 114, 1), (227190156, 150, 103), (227190156, 151, 2);
INSERT INTO `weenie_properties_bool` (`object_Id`, `type`, `value`) VALUES (227190156, 15, True), (227190156, 63, True);
INSERT INTO `weenie_properties_string` (`object_Id`, `type`, `value`) VALUES (227190156, 1, 'Vesper Gate Recall Gem'), (227190156, 16, 'Use this gem to be teleported to the Vesper Gate Residence Halls.');
INSERT INTO `weenie_properties_d_i_d` (`object_Id`, `type`, `value`) VALUES (227190156, 1, 0x02000C79), (227190156, 3, 0x20000014), (227190156, 6, 0x04000BEF), (227190156, 7, 0x1000010B), (227190156, 8, 0x060013CA), (227190156, 22, 0x3400002B);
INSERT INTO `weenie_properties_emote` (`object_Id`, `category`, `probability`, `weenie_Class_Id`, `style`, `substyle`, `quest`, `vendor_Type`, `min_Health`, `max_Health`, `damage_type`) VALUES (227190156, 7, 1, NULL, NULL, NULL, NULL, NULL, NULL, NULL, NULL);
SET @emote_id_185891 = LAST_INSERT_ID();
INSERT INTO `weenie_properties_emote_action` (`emote_Id`, `order`, `type`, `delay`, `extent`, `motion`, `message`, `test_String`, `min`, `max`, `min_64`, `max_64`, `min_Dbl`, `max_Dbl`, `stat`, `display`, `amount`, `amount_64`, `hero_X_P_64`, `percent`, `spell_Id`, `wealth_Rating`, `treasure_Class`, `treasure_Type`, `p_Script`, `sound`, `destination_Type`, `weenie_Class_Id`, `stack_Size`, `palette`, `shade`, `try_To_Bond`, `obj_Cell_Id`, `origin_X`, `origin_Y`, `origin_Z`, `angles_W`, `angles_X`, `angles_Y`, `angles_Z`) VALUES (@emote_id_185891, 0, 99, 0, 1, NULL, NULL, NULL, NULL, NULL, NULL, NULL, NULL, NULL, NULL, NULL, NULL, NULL, NULL, NULL, NULL, NULL, NULL, NULL, NULL, NULL, NULL, NULL, NULL, NULL, NULL, NULL, 0x75000161, 83.74, -93.75, 0.005, 0.39314, 0, 0, -0.919479);

-- ==========================================================================
-- Gem WCID: 227190157
-- ==========================================================================
DELETE FROM `weenie` WHERE `class_Id` = 227190157;

INSERT INTO `weenie` (`class_Id`, `class_Name`, `type`, `last_Modified`) VALUES (227190157, '227190157WinthurRecallGem', 38, '2024-08-22 00:00:00');
INSERT INTO `weenie_properties_int` (`object_Id`, `type`, `value`) VALUES (227190157, 1, 2048), (227190157, 3, 8), (227190157, 5, 10), (227190157, 8, 10), (227190157, 9, 0), (227190157, 11, 1), (227190157, 12, 1), (227190157, 13, 10), (227190157, 14, 10), (227190157, 15, 50), (227190157, 16, 8), (227190157, 18, 1), (227190157, 19, 50), (227190157, 33, 1), (227190157, 93, 3092), (227190157, 94, 16), (227190157, 106, 210), (227190157, 107, 50), (227190157, 108, 50), (227190157, 114, 1), (227190157, 150, 103), (227190157, 151, 2);
INSERT INTO `weenie_properties_bool` (`object_Id`, `type`, `value`) VALUES (227190157, 15, True), (227190157, 63, True);
INSERT INTO `weenie_properties_string` (`object_Id`, `type`, `value`) VALUES (227190157, 1, 'Winthur Gate Recall Gem'), (227190157, 16, 'Use this gem to be teleported to the Winthur Gate Residence Halls.');
INSERT INTO `weenie_properties_d_i_d` (`object_Id`, `type`, `value`) VALUES (227190157, 1, 0x02000C79), (227190157, 3, 0x20000014), (227190157, 6, 0x04000BEF), (227190157, 7, 0x1000010B), (227190157, 8, 0x060013CA), (227190157, 22, 0x3400002B);
INSERT INTO `weenie_properties_emote` (`object_Id`, `category`, `probability`, `weenie_Class_Id`, `style`, `substyle`, `quest`, `vendor_Type`, `min_Health`, `max_Health`, `damage_type`) VALUES (227190157, 7, 1, NULL, NULL, NULL, NULL, NULL, NULL, NULL, NULL);
SET @emote_id_185890 = LAST_INSERT_ID();
INSERT INTO `weenie_properties_emote_action` (`emote_Id`, `order`, `type`, `delay`, `extent`, `motion`, `message`, `test_String`, `min`, `max`, `min_64`, `max_64`, `min_Dbl`, `max_Dbl`, `stat`, `display`, `amount`, `amount_64`, `hero_X_P_64`, `percent`, `spell_Id`, `wealth_Rating`, `treasure_Class`, `treasure_Type`, `p_Script`, `sound`, `destination_Type`, `weenie_Class_Id`, `stack_Size`, `palette`, `shade`, `try_To_Bond`, `obj_Cell_Id`, `origin_X`, `origin_Y`, `origin_Z`, `angles_W`, `angles_X`, `angles_Y`, `angles_Z`) VALUES (@emote_id_185890, 0, 99, 0, 1, NULL, NULL, NULL, NULL, NULL, NULL, NULL, NULL, NULL, NULL, NULL, NULL, NULL, NULL, NULL, NULL, NULL, NULL, NULL, NULL, NULL, NULL, NULL, NULL, NULL, NULL, NULL, 0x72000161, 83.74, -93.75, 0.005, 0.39314, 0, 0, -0.919479);

